"","Competition_Name","Gender","Country","Season_End_Year","Round","Wk","Day","Date","Time","Home","HomeGoals","Home_xG","Away","AwayGoals","Away_xG","Attendance","Venue","Referee","Notes","MatchURL"
"1","Premier League","M","ENG",2023,NA,"1","Fri",2022-08-05,"20:00","Crystal Palace",0,1.2,"Arsenal",2,1,25286,"Selhurst Park","Anthony Taylor","","https://fbref.com/en/matches/e62f6e78/Crystal-Palace-Arsenal-August-5-2022-Premier-League"
"2","Premier League","M","ENG",2023,NA,"1","Sat",2022-08-06,"12:30","Fulham",2,1.2,"Liverpool",2,1.2,22207,"Craven Cottage","Andy Madley","","https://fbref.com/en/matches/6713c1dc/Fulham-Liverpool-August-6-2022-Premier-League"
"3","Premier League","M","ENG",2023,NA,"1","Sat",2022-08-06,"15:00","Tottenham",4,1.5,"Southampton",1,0.5,61732,"Tottenham Hotspur Stadium","Andre Marriner","","https://fbref.com/en/matches/09d8a999/Tottenham-Hotspur-Southampton-August-6-2022-Premier-League"
"4","Premier League","M","ENG",2023,NA,"1","Sat",2022-08-06,"15:00","Newcastle Utd",2,1.7,"Nott'ham Forest",0,0.3,52245,"St James' Park","Simon Hooper","","https://fbref.com/en/matches/1ac96eb4/Newcastle-United-Nottingham-Forest-August-6-2022-Premier-League"
"5","Premier League","M","ENG",2023,NA,"1","Sat",2022-08-06,"15:00","Leeds United",2,0.8,"Wolves",1,1.3,36347,"Elland Road","Robert Jones","","https://fbref.com/en/matches/82702941/Leeds-United-Wolverhampton-Wanderers-August-6-2022-Premier-League"
"6","Premier League","M","ENG",2023,NA,"1","Sat",2022-08-06,"15:00","Bournemouth",2,0.6,"Aston Villa",0,0.7,11013,"Vitality Stadium","Peter Bankes","","https://fbref.com/en/matches/877e3193/Bournemouth-Aston-Villa-August-6-2022-Premier-League"
"7","Premier League","M","ENG",2023,NA,"1","Sat",2022-08-06,"17:30","Everton",0,0.7,"Chelsea",1,1.5,39254,"Goodison Park","Craig Pawson","","https://fbref.com/en/matches/3a917cee/Everton-Chelsea-August-6-2022-Premier-League"
"8","Premier League","M","ENG",2023,NA,"1","Sun",2022-08-07,"14:00","Leicester City",2,0.6,"Brentford",2,0.8,31794,"King Power Stadium","Jarred Gillett","","https://fbref.com/en/matches/3249ba27/Leicester-City-Brentford-August-7-2022-Premier-League"
"9","Premier League","M","ENG",2023,NA,"1","Sun",2022-08-07,"14:00","Manchester Utd",1,1.4,"Brighton",2,1.5,73711,"Old Trafford","Paul Tierney","","https://fbref.com/en/matches/8251694e/Manchester-United-Brighton-and-Hove-Albion-August-7-2022-Premier-League"
"10","Premier League","M","ENG",2023,NA,"1","Sun",2022-08-07,"16:30","West Ham",0,0.5,"Manchester City",2,2.2,62443,"London Stadium","Michael Oliver","","https://fbref.com/en/matches/ece62baf/West-Ham-United-Manchester-City-August-7-2022-Premier-League"
"11","Premier League","M","ENG",2023,NA,"10","Sat",2022-10-08,"15:00","Bournemouth",2,1.1,"Leicester City",1,1,10272,"Vitality Stadium","Michael Salisbury","","https://fbref.com/en/matches/7db2a40a/Bournemouth-Leicester-City-October-8-2022-Premier-League"
"12","Premier League","M","ENG",2023,NA,"10","Sat",2022-10-08,"15:00","Newcastle Utd",5,1.5,"Brentford",1,1.2,52067,"St James' Park","John Brooks","","https://fbref.com/en/matches/7dd42d3f/Newcastle-United-Brentford-October-8-2022-Premier-League"
"13","Premier League","M","ENG",2023,NA,"10","Sat",2022-10-08,"15:00","Manchester City",4,2.4,"Southampton",0,0.2,53365,"Etihad Stadium","Andy Madley","","https://fbref.com/en/matches/864294c0/Manchester-City-Southampton-October-8-2022-Premier-League"
"14","Premier League","M","ENG",2023,NA,"10","Sat",2022-10-08,"15:00","Chelsea",3,1.9,"Wolves",0,1.1,39940,"Stamford Bridge","Simon Hooper","","https://fbref.com/en/matches/c83cb314/Chelsea-Wolverhampton-Wanderers-October-8-2022-Premier-League"
"15","Premier League","M","ENG",2023,NA,"10","Sat",2022-10-08,"17:30","Brighton",0,0.7,"Tottenham",1,0.8,31498,"The American Express Community Stadium","Tony Harrington","","https://fbref.com/en/matches/3eeefbc5/Brighton-and-Hove-Albion-Tottenham-Hotspur-October-8-2022-Premier-League"
"16","Premier League","M","ENG",2023,NA,"10","Sun",2022-10-09,"14:00","West Ham",3,2.4,"Fulham",1,0.7,62407,"London Stadium","Chris Kavanagh","","https://fbref.com/en/matches/42e38f9d/West-Ham-United-Fulham-October-9-2022-Premier-League"
"17","Premier League","M","ENG",2023,NA,"10","Sun",2022-10-09,"14:00","Crystal Palace",2,1.1,"Leeds United",1,1,25042,"Selhurst Park","Paul Tierney","","https://fbref.com/en/matches/f9563020/Crystal-Palace-Leeds-United-October-9-2022-Premier-League"
"18","Premier League","M","ENG",2023,NA,"10","Sun",2022-10-09,"16:30","Arsenal",3,2.7,"Liverpool",2,1.1,60059,"Emirates Stadium","Michael Oliver","","https://fbref.com/en/matches/84a48413/Arsenal-Liverpool-October-9-2022-Premier-League"
"19","Premier League","M","ENG",2023,NA,"10","Sun",2022-10-09,"19:00","Everton",1,0.6,"Manchester Utd",2,1.4,39258,"Goodison Park","David Coote","","https://fbref.com/en/matches/5d426690/Everton-Manchester-United-October-9-2022-Premier-League"
"20","Premier League","M","ENG",2023,NA,"10","Mon",2022-10-10,"20:00","Nott'ham Forest",1,0.3,"Aston Villa",1,0.7,29208,"The City Ground","Anthony Taylor","","https://fbref.com/en/matches/fb99ddf9/Nottingham-Forest-Aston-Villa-October-10-2022-Premier-League"
"21","Premier League","M","ENG",2023,NA,"11","Fri",2022-10-14,"20:00","Brentford",2,1.5,"Brighton",0,1.9,17016,"Brentford Community Stadium","Michael Salisbury","","https://fbref.com/en/matches/69409682/Brentford-Brighton-and-Hove-Albion-October-14-2022-Premier-League"
"22","Premier League","M","ENG",2023,NA,"11","Sat",2022-10-15,"12:30","Leicester City",0,1,"Crystal Palace",0,0.4,31298,"King Power Stadium","Andy Madley","","https://fbref.com/en/matches/37677e58/Leicester-City-Crystal-Palace-October-15-2022-Premier-League"
"23","Premier League","M","ENG",2023,NA,"11","Sat",2022-10-15,"15:00","Fulham",2,2.1,"Bournemouth",2,1,22541,"Craven Cottage","Graham Scott","","https://fbref.com/en/matches/ab7f61dd/Fulham-Bournemouth-October-15-2022-Premier-League"
"24","Premier League","M","ENG",2023,NA,"11","Sat",2022-10-15,"15:00","Wolves",1,1.3,"Nott'ham Forest",0,1.5,31554,"Molineux Stadium","Thomas Bramall","","https://fbref.com/en/matches/c9f8e7e9/Wolverhampton-Wanderers-Nottingham-Forest-October-15-2022-Premier-League"
"25","Premier League","M","ENG",2023,NA,"11","Sat",2022-10-15,"17:30","Tottenham",2,2.2,"Everton",0,0.4,61812,"Tottenham Hotspur Stadium","Paul Tierney","","https://fbref.com/en/matches/e42493f9/Tottenham-Hotspur-Everton-October-15-2022-Premier-League"
"26","Premier League","M","ENG",2023,NA,"11","Sun",2022-10-16,"14:00","Southampton",1,0.5,"West Ham",1,1.7,29159,"St. Mary's Stadium","Peter Bankes","","https://fbref.com/en/matches/2f5adfad/Southampton-West-Ham-United-October-16-2022-Premier-League"
"27","Premier League","M","ENG",2023,NA,"11","Sun",2022-10-16,"14:00","Aston Villa",0,1.8,"Chelsea",2,0.9,41754,"Villa Park","Robert Jones","","https://fbref.com/en/matches/7113ce7f/Aston-Villa-Chelsea-October-16-2022-Premier-League"
"28","Premier League","M","ENG",2023,NA,"11","Sun",2022-10-16,"14:00","Leeds United",0,1.8,"Arsenal",1,0.5,36700,"Elland Road","Chris Kavanagh","","https://fbref.com/en/matches/92885cfc/Leeds-United-Arsenal-October-16-2022-Premier-League"
"29","Premier League","M","ENG",2023,NA,"11","Sun",2022-10-16,"14:00","Manchester Utd",0,0.8,"Newcastle Utd",0,0.8,73726,"Old Trafford","Craig Pawson","","https://fbref.com/en/matches/e0b9c72c/Manchester-United-Newcastle-United-October-16-2022-Premier-League"
"30","Premier League","M","ENG",2023,NA,"11","Sun",2022-10-16,"16:30","Liverpool",1,2.1,"Manchester City",0,1,53286,"Anfield","Anthony Taylor","","https://fbref.com/en/matches/2ed4b79f/Liverpool-Manchester-City-October-16-2022-Premier-League"
"31","Premier League","M","ENG",2023,NA,"12","Tue",2022-10-18,"19:30","Brighton",0,1.7,"Nott'ham Forest",0,0.1,31463,"The American Express Community Stadium","Darren England","","https://fbref.com/en/matches/4f876daa/Brighton-and-Hove-Albion-Nottingham-Forest-October-18-2022-Premier-League"
"32","Premier League","M","ENG",2023,NA,"12","Tue",2022-10-18,"20:15","Crystal Palace",2,1.2,"Wolves",1,0.8,25125,"Selhurst Park","David Coote","","https://fbref.com/en/matches/60705c6d/Crystal-Palace-Wolverhampton-Wanderers-October-18-2022-Premier-League"
"33","Premier League","M","ENG",2023,NA,"12","Wed",2022-10-19,"19:30","Bournemouth",0,1,"Southampton",1,1,10405,"Vitality Stadium","John Brooks","","https://fbref.com/en/matches/8a2bb3b6/Bournemouth-Southampton-October-19-2022-Premier-League"
"34","Premier League","M","ENG",2023,NA,"12","Wed",2022-10-19,"19:30","Brentford",0,1.3,"Chelsea",0,0.9,17118,"Brentford Community Stadium","Jarred Gillett","","https://fbref.com/en/matches/b7a32aeb/Brentford-Chelsea-October-19-2022-Premier-League"
"35","Premier League","M","ENG",2023,NA,"12","Wed",2022-10-19,"19:30","Liverpool",1,1.7,"West Ham",0,1.7,52982,"Anfield","Stuart Attwell","","https://fbref.com/en/matches/dba5c5ec/Liverpool-West-Ham-United-October-19-2022-Premier-League"
"36","Premier League","M","ENG",2023,NA,"12","Wed",2022-10-19,"19:30","Newcastle Utd",1,1.5,"Everton",0,0.2,52247,"St James' Park","Tony Harrington","","https://fbref.com/en/matches/e6674f8d/Newcastle-United-Everton-October-19-2022-Premier-League"
"37","Premier League","M","ENG",2023,NA,"12","Wed",2022-10-19,"20:15","Manchester Utd",2,1.5,"Tottenham",0,0.6,73677,"Old Trafford","Simon Hooper","","https://fbref.com/en/matches/eebe78c1/Manchester-United-Tottenham-Hotspur-October-19-2022-Premier-League"
"38","Premier League","M","ENG",2023,NA,"12","Thu",2022-10-20,"19:30","Fulham",3,2.1,"Aston Villa",0,1.2,23508,"Craven Cottage","Michael Oliver","","https://fbref.com/en/matches/e6102606/Fulham-Aston-Villa-October-20-2022-Premier-League"
"39","Premier League","M","ENG",2023,NA,"12","Thu",2022-10-20,"20:15","Leicester City",2,0.8,"Leeds United",0,1.3,30814,"King Power Stadium","Peter Bankes","","https://fbref.com/en/matches/6356af5a/Leicester-City-Leeds-United-October-20-2022-Premier-League"
"40","Premier League","M","ENG",2023,NA,"12","Wed",2023-02-15,"19:30","Arsenal",NA,NA,"Manchester City",NA,NA,NA,"Emirates Stadium","","","https://fbref.com/en/stathead/matchup/teams/b8fd03ef/18bb7c10/Manchester-City-vs-Arsenal-History"
"41","Premier League","M","ENG",2023,NA,"13","Sat",2022-10-22,"12:30","Nott'ham Forest",1,1.9,"Liverpool",0,1.6,29245,"The City Ground","Paul Tierney","","https://fbref.com/en/matches/f92b67c2/Nottingham-Forest-Liverpool-October-22-2022-Premier-League"
"42","Premier League","M","ENG",2023,NA,"13","Sat",2022-10-22,"15:00","Everton",3,1.4,"Crystal Palace",0,0.9,38939,"Goodison Park","Simon Hooper","","https://fbref.com/en/matches/24d23a55/Everton-Crystal-Palace-October-22-2022-Premier-League"
"43","Premier League","M","ENG",2023,NA,"13","Sat",2022-10-22,"15:00","Manchester City",3,1.6,"Brighton",1,0.5,53223,"Etihad Stadium","Craig Pawson","","https://fbref.com/en/matches/cd5cd3f0/Manchester-City-Brighton-and-Hove-Albion-October-22-2022-Premier-League"
"44","Premier League","M","ENG",2023,NA,"13","Sat",2022-10-22,"17:30","Chelsea",1,1.1,"Manchester Utd",1,0.8,39503,"Stamford Bridge","Stuart Attwell","","https://fbref.com/en/matches/7ad85c8a/Chelsea-Manchester-United-October-22-2022-Premier-League"
"45","Premier League","M","ENG",2023,NA,"13","Sun",2022-10-23,"14:00","Aston Villa",4,2.8,"Brentford",0,0.9,41693,"Villa Park","Darren England","","https://fbref.com/en/matches/7764ca02/Aston-Villa-Brentford-October-23-2022-Premier-League"
"46","Premier League","M","ENG",2023,NA,"13","Sun",2022-10-23,"14:00","Wolves",0,2.1,"Leicester City",4,0.9,31425,"Molineux Stadium","Michael Oliver","","https://fbref.com/en/matches/8774e664/Wolverhampton-Wanderers-Leicester-City-October-23-2022-Premier-League"
"47","Premier League","M","ENG",2023,NA,"13","Sun",2022-10-23,"14:00","Leeds United",2,1.6,"Fulham",3,1.8,36447,"Elland Road","Anthony Taylor","","https://fbref.com/en/matches/d7b30e2b/Leeds-United-Fulham-October-23-2022-Premier-League"
"48","Premier League","M","ENG",2023,NA,"13","Sun",2022-10-23,"14:00","Southampton",1,0.7,"Arsenal",1,1,31145,"St. Mary's Stadium","Robert Jones","","https://fbref.com/en/matches/d8138438/Southampton-Arsenal-October-23-2022-Premier-League"
"49","Premier League","M","ENG",2023,NA,"13","Sun",2022-10-23,"16:30","Tottenham",1,1.6,"Newcastle Utd",2,1.2,61726,"Tottenham Hotspur Stadium","Jarred Gillett","","https://fbref.com/en/matches/ae21490f/Tottenham-Hotspur-Newcastle-United-October-23-2022-Premier-League"
"50","Premier League","M","ENG",2023,NA,"13","Mon",2022-10-24,"20:00","West Ham",2,1.9,"Bournemouth",0,0.4,62447,"London Stadium","David Coote","","https://fbref.com/en/matches/e9d1a18b/West-Ham-United-Bournemouth-October-24-2022-Premier-League"
"51","Premier League","M","ENG",2023,NA,"14","Sat",2022-10-29,"12:30","Leicester City",0,0.7,"Manchester City",1,1,32223,"King Power Stadium","Robert Jones","","https://fbref.com/en/matches/96b9ae4e/Leicester-City-Manchester-City-October-29-2022-Premier-League"
"52","Premier League","M","ENG",2023,NA,"14","Sat",2022-10-29,"15:00","Brentford",1,1.4,"Wolves",1,0.6,17051,"Brentford Community Stadium","Robert Madley","","https://fbref.com/en/matches/41e403d3/Brentford-Wolverhampton-Wanderers-October-29-2022-Premier-League"
"53","Premier League","M","ENG",2023,NA,"14","Sat",2022-10-29,"15:00","Crystal Palace",1,0.9,"Southampton",0,1.3,25130,"Selhurst Park","Michael Salisbury","","https://fbref.com/en/matches/4be07239/Crystal-Palace-Southampton-October-29-2022-Premier-League"
"54","Premier League","M","ENG",2023,NA,"14","Sat",2022-10-29,"15:00","Newcastle Utd",4,3.4,"Aston Villa",0,0.4,52233,"St James' Park","Paul Tierney","","https://fbref.com/en/matches/96f5ee84/Newcastle-United-Aston-Villa-October-29-2022-Premier-League"
"55","Premier League","M","ENG",2023,NA,"14","Sat",2022-10-29,"15:00","Brighton",4,2.4,"Chelsea",1,1.4,31746,"The American Express Community Stadium","Andy Madley","","https://fbref.com/en/matches/ac6abad1/Brighton-and-Hove-Albion-Chelsea-October-29-2022-Premier-League"
"56","Premier League","M","ENG",2023,NA,"14","Sat",2022-10-29,"15:00","Bournemouth",2,0.5,"Tottenham",3,2,10430,"Vitality Stadium","Anthony Taylor","","https://fbref.com/en/matches/dcb3b971/Bournemouth-Tottenham-Hotspur-October-29-2022-Premier-League"
"57","Premier League","M","ENG",2023,NA,"14","Sat",2022-10-29,"17:30","Fulham",0,1.9,"Everton",0,0.9,23534,"Craven Cottage","John Brooks","","https://fbref.com/en/matches/9c4402e1/Fulham-Everton-October-29-2022-Premier-League"
"58","Premier League","M","ENG",2023,NA,"14","Sat",2022-10-29,"19:45","Liverpool",1,1.7,"Leeds United",2,1.8,53274,"Anfield","Michael Oliver","","https://fbref.com/en/matches/b5b1e744/Liverpool-Leeds-United-October-29-2022-Premier-League"
"59","Premier League","M","ENG",2023,NA,"14","Sun",2022-10-30,"14:00","Arsenal",5,2.3,"Nott'ham Forest",0,0.4,60263,"Emirates Stadium","Simon Hooper","","https://fbref.com/en/matches/1b496cc1/Arsenal-Nottingham-Forest-October-30-2022-Premier-League"
"60","Premier League","M","ENG",2023,NA,"14","Sun",2022-10-30,"16:15","Manchester Utd",1,1.2,"West Ham",0,1.1,73682,"Old Trafford","Chris Kavanagh","","https://fbref.com/en/matches/cd0f59f6/Manchester-United-West-Ham-United-October-30-2022-Premier-League"
"61","Premier League","M","ENG",2023,NA,"15","Sat",2022-11-05,"15:00","Nott'ham Forest",2,1.5,"Brentford",2,1.5,28869,"The City Ground","Andre Marriner","","https://fbref.com/en/matches/12251835/Nottingham-Forest-Brentford-November-5-2022-Premier-League"
"62","Premier League","M","ENG",2023,NA,"15","Sat",2022-11-05,"15:00","Leeds United",4,2.2,"Bournemouth",3,1.5,36304,"Elland Road","Tony Harrington","","https://fbref.com/en/matches/63975c3e/Leeds-United-Bournemouth-November-5-2022-Premier-League"
"63","Premier League","M","ENG",2023,NA,"15","Sat",2022-11-05,"15:00","Manchester City",2,2.1,"Fulham",1,1,52395,"Etihad Stadium","Darren England","","https://fbref.com/en/matches/6ef27b3c/Manchester-City-Fulham-November-5-2022-Premier-League"
"64","Premier League","M","ENG",2023,NA,"15","Sat",2022-11-05,"15:00","Wolves",2,1.2,"Brighton",3,1.5,30732,"Molineux Stadium","Graham Scott","","https://fbref.com/en/matches/982d16a2/Wolverhampton-Wanderers-Brighton-and-Hove-Albion-November-5-2022-Premier-League"
"65","Premier League","M","ENG",2023,NA,"15","Sat",2022-11-05,"17:30","Everton",0,1.2,"Leicester City",2,2.3,39206,"Goodison Park","David Coote","","https://fbref.com/en/matches/831c73fc/Everton-Leicester-City-November-5-2022-Premier-League"
"66","Premier League","M","ENG",2023,NA,"15","Sun",2022-11-06,"12:00","Chelsea",0,0.3,"Arsenal",1,2.1,40142,"Stamford Bridge","Michael Oliver","","https://fbref.com/en/matches/af9dc838/North-West-London-Derby-Chelsea-Arsenal-November-6-2022-Premier-League"
"67","Premier League","M","ENG",2023,NA,"15","Sun",2022-11-06,"14:00","West Ham",1,0.3,"Crystal Palace",2,1,62451,"London Stadium","Paul Tierney","","https://fbref.com/en/matches/2586fb04/West-Ham-United-Crystal-Palace-November-6-2022-Premier-League"
"68","Premier League","M","ENG",2023,NA,"15","Sun",2022-11-06,"14:00","Southampton",1,1.7,"Newcastle Utd",4,0.9,30402,"St. Mary's Stadium","Stuart Attwell","","https://fbref.com/en/matches/57f9bcc9/Southampton-Newcastle-United-November-6-2022-Premier-League"
"69","Premier League","M","ENG",2023,NA,"15","Sun",2022-11-06,"14:00","Aston Villa",3,0.6,"Manchester Utd",1,0.5,42058,"Villa Park","Anthony Taylor","","https://fbref.com/en/matches/6638574f/Aston-Villa-Manchester-United-November-6-2022-Premier-League"
"70","Premier League","M","ENG",2023,NA,"15","Sun",2022-11-06,"16:30","Tottenham",1,1.2,"Liverpool",2,1.2,62008,"Tottenham Hotspur Stadium","Andy Madley","","https://fbref.com/en/matches/2954504d/Tottenham-Hotspur-Liverpool-November-6-2022-Premier-League"
"71","Premier League","M","ENG",2023,NA,"16","Sat",2022-11-12,"12:30","Manchester City",1,1.6,"Brentford",2,1.3,52786,"Etihad Stadium","Peter Bankes","","https://fbref.com/en/matches/28b60c1b/Manchester-City-Brentford-November-12-2022-Premier-League"
"72","Premier League","M","ENG",2023,NA,"16","Sat",2022-11-12,"15:00","Tottenham",4,1.8,"Leeds United",3,1.1,61667,"Tottenham Hotspur Stadium","Michael Salisbury","","https://fbref.com/en/matches/0030e686/Tottenham-Hotspur-Leeds-United-November-12-2022-Premier-League"
"73","Premier League","M","ENG",2023,NA,"16","Sat",2022-11-12,"15:00","Liverpool",3,1.9,"Southampton",1,1.1,53331,"Anfield","Simon Hooper","","https://fbref.com/en/matches/1579d34b/Liverpool-Southampton-November-12-2022-Premier-League"
"74","Premier League","M","ENG",2023,NA,"16","Sat",2022-11-12,"15:00","Bournemouth",3,2.4,"Everton",0,0.8,10382,"Vitality Stadium","Craig Pawson","","https://fbref.com/en/matches/54f23f03/Bournemouth-Everton-November-12-2022-Premier-League"
"75","Premier League","M","ENG",2023,NA,"16","Sat",2022-11-12,"15:00","West Ham",0,1.4,"Leicester City",2,1.8,62459,"London Stadium","Jarred Gillett","","https://fbref.com/en/matches/6e89557a/West-Ham-United-Leicester-City-November-12-2022-Premier-League"
"76","Premier League","M","ENG",2023,NA,"16","Sat",2022-11-12,"15:00","Nott'ham Forest",1,1.1,"Crystal Palace",0,1.2,29045,"The City Ground","John Brooks","","https://fbref.com/en/matches/ee827a60/Nottingham-Forest-Crystal-Palace-November-12-2022-Premier-League"
"77","Premier League","M","ENG",2023,NA,"16","Sat",2022-11-12,"17:30","Newcastle Utd",1,1,"Chelsea",0,0.3,52264,"St James' Park","Robert Jones","","https://fbref.com/en/matches/e1b3eb1b/Newcastle-United-Chelsea-November-12-2022-Premier-League"
"78","Premier League","M","ENG",2023,NA,"16","Sat",2022-11-12,"19:45","Wolves",0,0.7,"Arsenal",2,2.1,34624,"Molineux Stadium","Stuart Attwell","","https://fbref.com/en/matches/863d7a8f/Wolverhampton-Wanderers-Arsenal-November-12-2022-Premier-League"
"79","Premier League","M","ENG",2023,NA,"16","Sun",2022-11-13,"14:00","Brighton",1,0.6,"Aston Villa",2,1.5,31581,"The American Express Community Stadium","Chris Kavanagh","","https://fbref.com/en/matches/a7031cbd/Brighton-and-Hove-Albion-Aston-Villa-November-13-2022-Premier-League"
"80","Premier League","M","ENG",2023,NA,"16","Sun",2022-11-13,"16:30","Fulham",1,1.4,"Manchester Utd",2,2.5,24246,"Craven Cottage","Paul Tierney","","https://fbref.com/en/matches/af75b6b0/Fulham-Manchester-United-November-13-2022-Premier-League"
"81","Premier League","M","ENG",2023,NA,"17","Mon",2022-12-26,"12:30","Brentford",2,2,"Tottenham",2,1.1,17137,"Brentford Community Stadium","David Coote","","https://fbref.com/en/matches/14e4f648/Brentford-Tottenham-Hotspur-December-26-2022-Premier-League"
"82","Premier League","M","ENG",2023,NA,"17","Mon",2022-12-26,"15:00","Southampton",1,1.9,"Brighton",3,0.6,31010,"St. Mary's Stadium","Robert Jones","","https://fbref.com/en/matches/3527c390/Southampton-Brighton-and-Hove-Albion-December-26-2022-Premier-League"
"83","Premier League","M","ENG",2023,NA,"17","Mon",2022-12-26,"15:00","Leicester City",0,0.5,"Newcastle Utd",3,1.9,32185,"King Power Stadium","Jarred Gillett","","https://fbref.com/en/matches/8e186153/Leicester-City-Newcastle-United-December-26-2022-Premier-League"
"84","Premier League","M","ENG",2023,NA,"17","Mon",2022-12-26,"15:00","Crystal Palace",0,0.4,"Fulham",3,2.5,25176,"Selhurst Park","Andy Madley","","https://fbref.com/en/matches/bbb301a6/Crystal-Palace-Fulham-December-26-2022-Premier-League"
"85","Premier League","M","ENG",2023,NA,"17","Mon",2022-12-26,"15:00","Everton",1,1.7,"Wolves",2,0.8,39252,"Goodison Park","Craig Pawson","","https://fbref.com/en/matches/ef424180/Everton-Wolverhampton-Wanderers-December-26-2022-Premier-League"
"86","Premier League","M","ENG",2023,NA,"17","Mon",2022-12-26,"17:30","Aston Villa",1,1.4,"Liverpool",3,2.7,42085,"Villa Park","Paul Tierney","","https://fbref.com/en/matches/ab7d4465/Aston-Villa-Liverpool-December-26-2022-Premier-League"
"87","Premier League","M","ENG",2023,NA,"17","Mon",2022-12-26,"20:00","Arsenal",3,2.1,"West Ham",1,1,60125,"Emirates Stadium","Michael Oliver","","https://fbref.com/en/matches/3be32b8b/Arsenal-West-Ham-United-December-26-2022-Premier-League"
"88","Premier League","M","ENG",2023,NA,"17","Tue",2022-12-27,"17:30","Chelsea",2,1.8,"Bournemouth",0,0.5,40046,"Stamford Bridge","Simon Hooper","","https://fbref.com/en/matches/d55b9033/Chelsea-Bournemouth-December-27-2022-Premier-League"
"89","Premier League","M","ENG",2023,NA,"17","Tue",2022-12-27,"20:00","Manchester Utd",3,2.4,"Nott'ham Forest",0,0.7,73608,"Old Trafford","Anthony Taylor","","https://fbref.com/en/matches/b860f634/Manchester-United-Nottingham-Forest-December-27-2022-Premier-League"
"90","Premier League","M","ENG",2023,NA,"17","Wed",2022-12-28,"20:00","Leeds United",1,0.6,"Manchester City",3,4.3,36889,"Elland Road","Stuart Attwell","","https://fbref.com/en/matches/a85ef749/Leeds-United-Manchester-City-December-28-2022-Premier-League"
"91","Premier League","M","ENG",2023,NA,"18","Fri",2022-12-30,"19:45","West Ham",0,1.3,"Brentford",2,1.6,62467,"London Stadium","Darren England","","https://fbref.com/en/matches/56acbbbe/West-Ham-United-Brentford-December-30-2022-Premier-League"
"92","Premier League","M","ENG",2023,NA,"18","Fri",2022-12-30,"20:00","Liverpool",2,2.2,"Leicester City",1,1,53343,"Anfield","Craig Pawson","","https://fbref.com/en/matches/c5e4ccf5/Liverpool-Leicester-City-December-30-2022-Premier-League"
"93","Premier League","M","ENG",2023,NA,"18","Sat",2022-12-31,"12:30","Wolves",0,0.7,"Manchester Utd",1,2,31658,"Molineux Stadium","Robert Jones","","https://fbref.com/en/matches/8ef80305/Wolverhampton-Wanderers-Manchester-United-December-31-2022-Premier-League"
"94","Premier League","M","ENG",2023,NA,"18","Sat",2022-12-31,"15:00","Newcastle Utd",0,2.2,"Leeds United",0,0.4,52211,"St James' Park","Simon Hooper","","https://fbref.com/en/matches/0facecde/Newcastle-United-Leeds-United-December-31-2022-Premier-League"
"95","Premier League","M","ENG",2023,NA,"18","Sat",2022-12-31,"15:00","Fulham",2,1.5,"Southampton",1,0.8,24344,"Craven Cottage","Graham Scott","","https://fbref.com/en/matches/a15bf99e/Fulham-Southampton-December-31-2022-Premier-League"
"96","Premier League","M","ENG",2023,NA,"18","Sat",2022-12-31,"15:00","Manchester City",1,1.7,"Everton",1,0.1,53444,"Etihad Stadium","Andy Madley","","https://fbref.com/en/matches/bcfb66ff/Manchester-City-Everton-December-31-2022-Premier-League"
"97","Premier League","M","ENG",2023,NA,"18","Sat",2022-12-31,"15:00","Bournemouth",0,0.6,"Crystal Palace",2,1.6,9972,"Vitality Stadium","Andre Marriner","","https://fbref.com/en/matches/dab2ed3a/Bournemouth-Crystal-Palace-December-31-2022-Premier-League"
"98","Premier League","M","ENG",2023,NA,"18","Sat",2022-12-31,"17:30","Brighton",2,1.2,"Arsenal",4,2.9,31647,"The American Express Community Stadium","Anthony Taylor","","https://fbref.com/en/matches/dd50a429/Brighton-and-Hove-Albion-Arsenal-December-31-2022-Premier-League"
"99","Premier League","M","ENG",2023,NA,"18","Sun",2023-01-01,"14:00","Tottenham",0,0.7,"Aston Villa",2,1,61651,"Tottenham Hotspur Stadium","John Brooks","","https://fbref.com/en/matches/63e8eaf8/Tottenham-Hotspur-Aston-Villa-January-1-2023-Premier-League"
"100","Premier League","M","ENG",2023,NA,"18","Sun",2023-01-01,"16:30","Nott'ham Forest",1,1.4,"Chelsea",1,0.9,29229,"The City Ground","Peter Bankes","","https://fbref.com/en/matches/c31cf944/Nottingham-Forest-Chelsea-January-1-2023-Premier-League"
"101","Premier League","M","ENG",2023,NA,"19","Mon",2023-01-02,"17:30","Brentford",3,1.7,"Liverpool",1,2,17163,"Brentford Community Stadium","Stuart Attwell","","https://fbref.com/en/matches/af6aa183/Brentford-Liverpool-January-2-2023-Premier-League"
"102","Premier League","M","ENG",2023,NA,"19","Tue",2023-01-03,"19:45","Leicester City",0,1.7,"Fulham",1,1.7,30813,"King Power Stadium","Darren Bond","","https://fbref.com/en/matches/12e0894b/Leicester-City-Fulham-January-3-2023-Premier-League"
"103","Premier League","M","ENG",2023,NA,"19","Tue",2023-01-03,"19:45","Everton",1,1.3,"Brighton",4,2.2,39103,"Goodison Park","Andre Marriner","","https://fbref.com/en/matches/c62d7632/Everton-Brighton-and-Hove-Albion-January-3-2023-Premier-League"
"104","Premier League","M","ENG",2023,NA,"19","Tue",2023-01-03,"19:45","Arsenal",0,1.1,"Newcastle Utd",0,1,60319,"Emirates Stadium","Andy Madley","","https://fbref.com/en/matches/ceebd643/Arsenal-Newcastle-United-January-3-2023-Premier-League"
"105","Premier League","M","ENG",2023,NA,"19","Tue",2023-01-03,"20:00","Manchester Utd",3,2.2,"Bournemouth",0,0.6,73322,"Old Trafford","Michael Salisbury","","https://fbref.com/en/matches/63fc7f12/Manchester-United-Bournemouth-January-3-2023-Premier-League"
"106","Premier League","M","ENG",2023,NA,"19","Wed",2023-01-04,"19:30","Southampton",0,0.5,"Nott'ham Forest",1,1.4,30150,"St. Mary's Stadium","Thomas Bramall","","https://fbref.com/en/matches/cc17c735/Southampton-Nottingham-Forest-January-4-2023-Premier-League"
"107","Premier League","M","ENG",2023,NA,"19","Wed",2023-01-04,"19:45","Leeds United",2,1.6,"West Ham",2,1.4,36173,"Elland Road","David Coote","","https://fbref.com/en/matches/068406dc/Leeds-United-West-Ham-United-January-4-2023-Premier-League"
"108","Premier League","M","ENG",2023,NA,"19","Wed",2023-01-04,"20:00","Aston Villa",1,1.8,"Wolves",1,0.9,39978,"Villa Park","Jarred Gillett","","https://fbref.com/en/matches/895a1c1f/Aston-Villa-Wolverhampton-Wanderers-January-4-2023-Premier-League"
"109","Premier League","M","ENG",2023,NA,"19","Wed",2023-01-04,"20:00","Crystal Palace",0,0.8,"Tottenham",4,1.4,25132,"Selhurst Park","Michael Oliver","","https://fbref.com/en/matches/d8118454/Crystal-Palace-Tottenham-Hotspur-January-4-2023-Premier-League"
"110","Premier League","M","ENG",2023,NA,"19","Thu",2023-01-05,"20:00","Chelsea",0,0.4,"Manchester City",1,2.1,39998,"Stamford Bridge","Paul Tierney","","https://fbref.com/en/matches/eacda90c/Chelsea-Manchester-City-January-5-2023-Premier-League"
"111","Premier League","M","ENG",2023,NA,"2","Sat",2022-08-13,"12:30","Aston Villa",2,2.3,"Everton",1,1.6,41883,"Villa Park","Michael Oliver","","https://fbref.com/en/matches/8cd71c65/Aston-Villa-Everton-August-13-2022-Premier-League"
"112","Premier League","M","ENG",2023,NA,"2","Sat",2022-08-13,"15:00","Manchester City",4,1.7,"Bournemouth",0,0.1,53453,"Etihad Stadium","David Coote","","https://fbref.com/en/matches/311d705c/Manchester-City-Bournemouth-August-13-2022-Premier-League"
"113","Premier League","M","ENG",2023,NA,"2","Sat",2022-08-13,"15:00","Southampton",2,1.2,"Leeds United",2,1.8,30815,"St. Mary's Stadium","Tony Harrington","","https://fbref.com/en/matches/54b33a13/Southampton-Leeds-United-August-13-2022-Premier-League"
"114","Premier League","M","ENG",2023,NA,"2","Sat",2022-08-13,"15:00","Wolves",0,0.9,"Fulham",0,1.5,31178,"Molineux Stadium","John Brooks","","https://fbref.com/en/matches/669b1665/Wolverhampton-Wanderers-Fulham-August-13-2022-Premier-League"
"115","Premier League","M","ENG",2023,NA,"2","Sat",2022-08-13,"15:00","Arsenal",4,2.7,"Leicester City",2,0.5,60033,"Emirates Stadium","Darren England","","https://fbref.com/en/matches/7483b97f/Arsenal-Leicester-City-August-13-2022-Premier-League"
"116","Premier League","M","ENG",2023,NA,"2","Sat",2022-08-13,"15:00","Brighton",0,1.5,"Newcastle Utd",0,0.2,31552,"The American Express Community Stadium","Graham Scott","","https://fbref.com/en/matches/c916a5f6/Brighton-and-Hove-Albion-Newcastle-United-August-13-2022-Premier-League"
"117","Premier League","M","ENG",2023,NA,"2","Sat",2022-08-13,"17:30","Brentford",4,1.6,"Manchester Utd",0,0.9,17051,"Brentford Community Stadium","Stuart Attwell","","https://fbref.com/en/matches/04712d4e/Brentford-Manchester-United-August-13-2022-Premier-League"
"118","Premier League","M","ENG",2023,NA,"2","Sun",2022-08-14,"14:00","Nott'ham Forest",1,1.3,"West Ham",0,2.1,29281,"The City Ground","Robert Jones","","https://fbref.com/en/matches/b1ebeda5/Nottingham-Forest-West-Ham-United-August-14-2022-Premier-League"
"119","Premier League","M","ENG",2023,NA,"2","Sun",2022-08-14,"16:30","Chelsea",2,1.6,"Tottenham",2,1,39946,"Stamford Bridge","Anthony Taylor","","https://fbref.com/en/matches/01e57bf5/Chelsea-Tottenham-Hotspur-August-14-2022-Premier-League"
"120","Premier League","M","ENG",2023,NA,"2","Mon",2022-08-15,"20:00","Liverpool",1,2,"Crystal Palace",1,1,52970,"Anfield","Paul Tierney","","https://fbref.com/en/matches/b3c6f709/Liverpool-Crystal-Palace-August-15-2022-Premier-League"
"121","Premier League","M","ENG",2023,NA,"20","Fri",2023-01-13,"20:00","Aston Villa",2,1.2,"Leeds United",1,2.4,42008,"Villa Park","Michael Oliver","","https://fbref.com/en/matches/ea58bf24/Aston-Villa-Leeds-United-January-13-2023-Premier-League"
"122","Premier League","M","ENG",2023,NA,"20","Sat",2023-01-14,"12:30","Manchester Utd",2,1.7,"Manchester City",1,0.6,75546,"Old Trafford","Stuart Attwell","","https://fbref.com/en/matches/f0fd7541/Manchester-Derby-Manchester-United-Manchester-City-January-14-2023-Premier-League"
"123","Premier League","M","ENG",2023,NA,"20","Sat",2023-01-14,"15:00","Everton",1,1.4,"Southampton",2,1.2,39305,"Goodison Park","John Brooks","","https://fbref.com/en/matches/11603f7f/Everton-Southampton-January-14-2023-Premier-League"
"124","Premier League","M","ENG",2023,NA,"20","Sat",2023-01-14,"15:00","Wolves",1,0.9,"West Ham",0,1.1,31511,"Molineux Stadium","Simon Hooper","","https://fbref.com/en/matches/20fbd1a1/Wolverhampton-Wanderers-West-Ham-United-January-14-2023-Premier-League"
"125","Premier League","M","ENG",2023,NA,"20","Sat",2023-01-14,"15:00","Nott'ham Forest",2,2.4,"Leicester City",0,1,29301,"The City Ground","Paul Tierney","","https://fbref.com/en/matches/95d3b457/Nottingham-Forest-Leicester-City-January-14-2023-Premier-League"
"126","Premier League","M","ENG",2023,NA,"20","Sat",2023-01-14,"15:00","Brighton",3,1.9,"Liverpool",0,1,31645,"The American Express Community Stadium","Darren England","","https://fbref.com/en/matches/cfc2a193/Brighton-and-Hove-Albion-Liverpool-January-14-2023-Premier-League"
"127","Premier League","M","ENG",2023,NA,"20","Sat",2023-01-14,"17:30","Brentford",2,1.4,"Bournemouth",0,0.6,17031,"Brentford Community Stadium","Jarred Gillett","","https://fbref.com/en/matches/3f992264/Brentford-Bournemouth-January-14-2023-Premier-League"
"128","Premier League","M","ENG",2023,NA,"20","Sun",2023-01-15,"14:00","Chelsea",1,1.5,"Crystal Palace",0,0.7,40075,"Stamford Bridge","Peter Bankes","","https://fbref.com/en/matches/564d2893/Chelsea-Crystal-Palace-January-15-2023-Premier-League"
"129","Premier League","M","ENG",2023,NA,"20","Sun",2023-01-15,"14:00","Newcastle Utd",1,2.2,"Fulham",0,1.1,52247,"St James' Park","Robert Jones","","https://fbref.com/en/matches/f93d11e7/Newcastle-United-Fulham-January-15-2023-Premier-League"
"130","Premier League","M","ENG",2023,NA,"20","Sun",2023-01-15,"16:30","Tottenham",0,1.6,"Arsenal",2,1.8,61870,"Tottenham Hotspur Stadium","Craig Pawson","","https://fbref.com/en/matches/4fc8b7b2/North-London-Derby-Tottenham-Hotspur-Arsenal-January-15-2023-Premier-League"
"131","Premier League","M","ENG",2023,NA,"21","Sat",2023-01-21,"12:30","Liverpool",0,1.4,"Chelsea",0,1.6,53126,"Anfield","Michael Oliver","","https://fbref.com/en/matches/7febc290/Liverpool-Chelsea-January-21-2023-Premier-League"
"132","Premier League","M","ENG",2023,NA,"21","Sat",2023-01-21,"15:00","Bournemouth",1,1.4,"Nott'ham Forest",1,1.9,10248,"Vitality Stadium","Andy Madley","","https://fbref.com/en/matches/38c715b4/Bournemouth-Nottingham-Forest-January-21-2023-Premier-League"
"133","Premier League","M","ENG",2023,NA,"21","Sat",2023-01-21,"15:00","Southampton",0,0.6,"Aston Villa",1,1.4,30158,"St. Mary's Stadium","Michael Salisbury","","https://fbref.com/en/matches/91d49468/Southampton-Aston-Villa-January-21-2023-Premier-League"
"134","Premier League","M","ENG",2023,NA,"21","Sat",2023-01-21,"15:00","Leicester City",2,0.9,"Brighton",2,1.7,32056,"King Power Stadium","Thomas Bramall","","https://fbref.com/en/matches/bcbbc55f/Leicester-City-Brighton-and-Hove-Albion-January-21-2023-Premier-League"
"135","Premier League","M","ENG",2023,NA,"21","Sat",2023-01-21,"15:00","West Ham",2,2.2,"Everton",0,0.5,62470,"London Stadium","Stuart Attwell","","https://fbref.com/en/matches/db9cdba8/West-Ham-United-Everton-January-21-2023-Premier-League"
"136","Premier League","M","ENG",2023,NA,"21","Sat",2023-01-21,"17:30","Crystal Palace",0,0.3,"Newcastle Utd",0,1.2,25350,"Selhurst Park","Craig Pawson","","https://fbref.com/en/matches/8468f673/Crystal-Palace-Newcastle-United-January-21-2023-Premier-League"
"137","Premier League","M","ENG",2023,NA,"21","Sun",2023-01-22,"14:00","Manchester City",3,2.8,"Wolves",0,0.8,53282,"Etihad Stadium","David Coote","","https://fbref.com/en/matches/7337f90a/Manchester-City-Wolverhampton-Wanderers-January-22-2023-Premier-League"
"138","Premier League","M","ENG",2023,NA,"21","Sun",2023-01-22,"14:00","Leeds United",0,0.5,"Brentford",0,0.4,36260,"Elland Road","Peter Bankes","","https://fbref.com/en/matches/f0e7d8a8/Leeds-United-Brentford-January-22-2023-Premier-League"
"139","Premier League","M","ENG",2023,NA,"21","Sun",2023-01-22,"16:30","Arsenal",3,3.1,"Manchester Utd",2,0.4,60325,"Emirates Stadium","Anthony Taylor","","https://fbref.com/en/matches/1b35bc71/Arsenal-Manchester-United-January-22-2023-Premier-League"
"140","Premier League","M","ENG",2023,NA,"21","Mon",2023-01-23,"20:00","Fulham",0,1,"Tottenham",1,0.9,24190,"Craven Cottage","Paul Tierney","","https://fbref.com/en/matches/098cd338/Fulham-Tottenham-Hotspur-January-23-2023-Premier-League"
"141","Premier League","M","ENG",2023,NA,"22","Fri",2023-02-03,"20:00","Chelsea",NA,NA,"Fulham",NA,NA,NA,"Stamford Bridge","","","https://fbref.com/en/stathead/matchup/teams/fd962109/cff3d9bb/Fulham-vs-Chelsea-History"
"142","Premier League","M","ENG",2023,NA,"22","Sat",2023-02-04,"12:30","Everton",NA,NA,"Arsenal",NA,NA,NA,"Goodison Park","","","https://fbref.com/en/stathead/matchup/teams/d3fd31cc/18bb7c10/Everton-vs-Arsenal-History"
"143","Premier League","M","ENG",2023,NA,"22","Sat",2023-02-04,"15:00","Aston Villa",NA,NA,"Leicester City",NA,NA,NA,"Villa Park","","","https://fbref.com/en/stathead/matchup/teams/a2d435b3/8602292d/Leicester-City-vs-Aston-Villa-History"
"144","Premier League","M","ENG",2023,NA,"22","Sat",2023-02-04,"15:00","Wolves",NA,NA,"Liverpool",NA,NA,NA,"Molineux Stadium","","","https://fbref.com/en/stathead/matchup/teams/8cec06e1/822bd0ba/Wolverhampton-Wanderers-vs-Liverpool-History"
"145","Premier League","M","ENG",2023,NA,"22","Sat",2023-02-04,"15:00","Manchester Utd",NA,NA,"Crystal Palace",NA,NA,NA,"Old Trafford","","","https://fbref.com/en/stathead/matchup/teams/47c64c55/19538871/Crystal-Palace-vs-Manchester-United-History"
"146","Premier League","M","ENG",2023,NA,"22","Sat",2023-02-04,"15:00","Brighton",NA,NA,"Bournemouth",NA,NA,NA,"The American Express Community Stadium","","","https://fbref.com/en/stathead/matchup/teams/d07537b9/4ba7cbea/Brighton-and-Hove-Albion-vs-Bournemouth-History"
"147","Premier League","M","ENG",2023,NA,"22","Sat",2023-02-04,"15:00","Brentford",NA,NA,"Southampton",NA,NA,NA,"Brentford Community Stadium","","","https://fbref.com/en/stathead/matchup/teams/cd051869/33c895d4/Brentford-vs-Southampton-History"
"148","Premier League","M","ENG",2023,NA,"22","Sat",2023-02-04,"17:30","Newcastle Utd",NA,NA,"West Ham",NA,NA,NA,"St James' Park","","","https://fbref.com/en/stathead/matchup/teams/b2b47a98/7c21e445/Newcastle-United-vs-West-Ham-United-History"
"149","Premier League","M","ENG",2023,NA,"22","Sun",2023-02-05,"14:00","Nott'ham Forest",NA,NA,"Leeds United",NA,NA,NA,"The City Ground","","","https://fbref.com/en/stathead/matchup/teams/e4a775cb/5bfb9659/Nottingham-Forest-vs-Leeds-United-History"
"150","Premier League","M","ENG",2023,NA,"22","Sun",2023-02-05,"16:30","Tottenham",NA,NA,"Manchester City",NA,NA,NA,"Tottenham Hotspur Stadium","","","https://fbref.com/en/stathead/matchup/teams/b8fd03ef/361ca564/Manchester-City-vs-Tottenham-Hotspur-History"
"151","Premier League","M","ENG",2023,NA,"23","Sat",2023-02-11,"12:30","West Ham",NA,NA,"Chelsea",NA,NA,NA,"London Stadium","","","https://fbref.com/en/stathead/matchup/teams/cff3d9bb/7c21e445/Chelsea-vs-West-Ham-United-History"
"152","Premier League","M","ENG",2023,NA,"23","Sat",2023-02-11,"15:00","Leicester City",NA,NA,"Tottenham",NA,NA,NA,"King Power Stadium","","","https://fbref.com/en/stathead/matchup/teams/a2d435b3/361ca564/Leicester-City-vs-Tottenham-Hotspur-History"
"153","Premier League","M","ENG",2023,NA,"23","Sat",2023-02-11,"15:00","Crystal Palace",NA,NA,"Brighton",NA,NA,NA,"Selhurst Park","","","https://fbref.com/en/stathead/matchup/teams/d07537b9/47c64c55/Brighton-and-Hove-Albion-vs-Crystal-Palace-History"
"154","Premier League","M","ENG",2023,NA,"23","Sat",2023-02-11,"15:00","Arsenal",NA,NA,"Brentford",NA,NA,NA,"Emirates Stadium","","","https://fbref.com/en/stathead/matchup/teams/cd051869/18bb7c10/Brentford-vs-Arsenal-History"
"155","Premier League","M","ENG",2023,NA,"23","Sat",2023-02-11,"15:00","Southampton",NA,NA,"Wolves",NA,NA,NA,"St. Mary's Stadium","","","https://fbref.com/en/stathead/matchup/teams/8cec06e1/33c895d4/Wolverhampton-Wanderers-vs-Southampton-History"
"156","Premier League","M","ENG",2023,NA,"23","Sat",2023-02-11,"15:00","Fulham",NA,NA,"Nott'ham Forest",NA,NA,NA,"Craven Cottage","","","https://fbref.com/en/stathead/matchup/teams/fd962109/e4a775cb/Fulham-vs-Nottingham-Forest-History"
"157","Premier League","M","ENG",2023,NA,"23","Sat",2023-02-11,"17:30","Bournemouth",NA,NA,"Newcastle Utd",NA,NA,NA,"Vitality Stadium","","","https://fbref.com/en/stathead/matchup/teams/b2b47a98/4ba7cbea/Newcastle-United-vs-Bournemouth-History"
"158","Premier League","M","ENG",2023,NA,"23","Sun",2023-02-12,"14:00","Leeds United",NA,NA,"Manchester Utd",NA,NA,NA,"Elland Road","","","https://fbref.com/en/stathead/matchup/teams/5bfb9659/19538871/Leeds-United-vs-Manchester-United-History"
"159","Premier League","M","ENG",2023,NA,"23","Sun",2023-02-12,"16:30","Manchester City",NA,NA,"Aston Villa",NA,NA,NA,"Etihad Stadium","","","https://fbref.com/en/stathead/matchup/teams/b8fd03ef/8602292d/Manchester-City-vs-Aston-Villa-History"
"160","Premier League","M","ENG",2023,NA,"23","Mon",2023-02-13,"20:00","Liverpool",NA,NA,"Everton",NA,NA,NA,"Anfield","","","https://fbref.com/en/stathead/matchup/teams/d3fd31cc/822bd0ba/Merseyside-Derby-Everton-vs-Liverpool-History"
"161","Premier League","M","ENG",2023,NA,"24","Sat",2023-02-18,"12:30","Aston Villa",NA,NA,"Arsenal",NA,NA,NA,"Villa Park","","","https://fbref.com/en/stathead/matchup/teams/8602292d/18bb7c10/Aston-Villa-vs-Arsenal-History"
"162","Premier League","M","ENG",2023,NA,"24","Sat",2023-02-18,"15:00","Brighton",NA,NA,"Fulham",NA,NA,NA,"The American Express Community Stadium","","","https://fbref.com/en/stathead/matchup/teams/fd962109/d07537b9/Fulham-vs-Brighton-and-Hove-Albion-History"
"163","Premier League","M","ENG",2023,NA,"24","Sat",2023-02-18,"15:00","Nott'ham Forest",NA,NA,"Manchester City",NA,NA,NA,"The City Ground","","","https://fbref.com/en/stathead/matchup/teams/e4a775cb/b8fd03ef/Nottingham-Forest-vs-Manchester-City-History"
"164","Premier League","M","ENG",2023,NA,"24","Sat",2023-02-18,"15:00","Chelsea",NA,NA,"Southampton",NA,NA,NA,"Stamford Bridge","","","https://fbref.com/en/stathead/matchup/teams/cff3d9bb/33c895d4/Chelsea-vs-Southampton-History"
"165","Premier League","M","ENG",2023,NA,"24","Sat",2023-02-18,"15:00","Everton",NA,NA,"Leeds United",NA,NA,NA,"Goodison Park","","","https://fbref.com/en/stathead/matchup/teams/d3fd31cc/5bfb9659/Everton-vs-Leeds-United-History"
"166","Premier League","M","ENG",2023,NA,"24","Sat",2023-02-18,"15:00","Wolves",NA,NA,"Bournemouth",NA,NA,NA,"Molineux Stadium","","","https://fbref.com/en/stathead/matchup/teams/8cec06e1/4ba7cbea/Wolverhampton-Wanderers-vs-Bournemouth-History"
"167","Premier League","M","ENG",2023,NA,"24","Sat",2023-02-18,"15:00","Brentford",NA,NA,"Crystal Palace",NA,NA,NA,"Brentford Community Stadium","","","https://fbref.com/en/stathead/matchup/teams/cd051869/47c64c55/Brentford-vs-Crystal-Palace-History"
"168","Premier League","M","ENG",2023,NA,"24","Sat",2023-02-18,"17:30","Newcastle Utd",NA,NA,"Liverpool",NA,NA,NA,"St James' Park","","","https://fbref.com/en/stathead/matchup/teams/b2b47a98/822bd0ba/Newcastle-United-vs-Liverpool-History"
"169","Premier League","M","ENG",2023,NA,"24","Sun",2023-02-19,"14:00","Manchester Utd",NA,NA,"Leicester City",NA,NA,NA,"Old Trafford","","","https://fbref.com/en/stathead/matchup/teams/a2d435b3/19538871/Leicester-City-vs-Manchester-United-History"
"170","Premier League","M","ENG",2023,NA,"24","Sun",2023-02-19,"16:30","Tottenham",NA,NA,"West Ham",NA,NA,NA,"Tottenham Hotspur Stadium","","","https://fbref.com/en/stathead/matchup/teams/7c21e445/361ca564/West-Ham-United-vs-Tottenham-Hotspur-History"
"171","Premier League","M","ENG",2023,NA,"25","Fri",2023-02-24,"20:00","Fulham",NA,NA,"Wolves",NA,NA,NA,"Craven Cottage","","","https://fbref.com/en/stathead/matchup/teams/fd962109/8cec06e1/Fulham-vs-Wolverhampton-Wanderers-History"
"172","Premier League","M","ENG",2023,NA,"25","Sat",2023-02-25,"12:30","Newcastle Utd",NA,NA,"Brighton",NA,NA,NA,"St James' Park","","","https://fbref.com/en/stathead/matchup/teams/d07537b9/b2b47a98/Brighton-and-Hove-Albion-vs-Newcastle-United-History"
"173","Premier League","M","ENG",2023,NA,"25","Sat",2023-02-25,"15:00","Leicester City",NA,NA,"Arsenal",NA,NA,NA,"King Power Stadium","","","https://fbref.com/en/stathead/matchup/teams/a2d435b3/18bb7c10/Leicester-City-vs-Arsenal-History"
"174","Premier League","M","ENG",2023,NA,"25","Sat",2023-02-25,"15:00","Everton",NA,NA,"Aston Villa",NA,NA,NA,"Goodison Park","","","https://fbref.com/en/stathead/matchup/teams/d3fd31cc/8602292d/Everton-vs-Aston-Villa-History"
"175","Premier League","M","ENG",2023,NA,"25","Sat",2023-02-25,"15:00","West Ham",NA,NA,"Nott'ham Forest",NA,NA,NA,"London Stadium","","","https://fbref.com/en/stathead/matchup/teams/e4a775cb/7c21e445/Nottingham-Forest-vs-West-Ham-United-History"
"176","Premier League","M","ENG",2023,NA,"25","Sat",2023-02-25,"15:00","Leeds United",NA,NA,"Southampton",NA,NA,NA,"Elland Road","","","https://fbref.com/en/stathead/matchup/teams/5bfb9659/33c895d4/Leeds-United-vs-Southampton-History"
"177","Premier League","M","ENG",2023,NA,"25","Sat",2023-02-25,"17:30","Bournemouth",NA,NA,"Manchester City",NA,NA,NA,"Vitality Stadium","","","https://fbref.com/en/stathead/matchup/teams/b8fd03ef/4ba7cbea/Manchester-City-vs-Bournemouth-History"
"178","Premier League","M","ENG",2023,NA,"25","Sat",2023-02-25,"19:45","Crystal Palace",NA,NA,"Liverpool",NA,NA,NA,"Selhurst Park","","","https://fbref.com/en/stathead/matchup/teams/822bd0ba/47c64c55/Liverpool-vs-Crystal-Palace-History"
"179","Premier League","M","ENG",2023,NA,"25","Sun",2023-02-26,"13:30","Tottenham",NA,NA,"Chelsea",NA,NA,NA,"Tottenham Hotspur Stadium","","","https://fbref.com/en/stathead/matchup/teams/cff3d9bb/361ca564/Chelsea-vs-Tottenham-Hotspur-History"
"180","Premier League","M","ENG",2023,NA,"25","Sun",2023-02-26,"13:30","Manchester Utd",NA,NA,"Brentford",NA,NA,NA,"Old Trafford","","","https://fbref.com/en/stathead/matchup/teams/cd051869/19538871/Brentford-vs-Manchester-United-History"
"181","Premier League","M","ENG",2023,NA,"26","Sat",2023-03-04,"15:00","Brentford",NA,NA,"Fulham",NA,NA,NA,"Brentford Community Stadium","","","https://fbref.com/en/stathead/matchup/teams/fd962109/cd051869/Fulham-vs-Brentford-History"
"182","Premier League","M","ENG",2023,NA,"26","Sat",2023-03-04,"15:00","Arsenal",NA,NA,"Bournemouth",NA,NA,NA,"Emirates Stadium","","","https://fbref.com/en/stathead/matchup/teams/4ba7cbea/18bb7c10/Bournemouth-vs-Arsenal-History"
"183","Premier League","M","ENG",2023,NA,"26","Sat",2023-03-04,"15:00","Aston Villa",NA,NA,"Crystal Palace",NA,NA,NA,"Villa Park","","","https://fbref.com/en/stathead/matchup/teams/8602292d/47c64c55/Aston-Villa-vs-Crystal-Palace-History"
"184","Premier League","M","ENG",2023,NA,"26","Sat",2023-03-04,"15:00","Southampton",NA,NA,"Leicester City",NA,NA,NA,"St. Mary's Stadium","","","https://fbref.com/en/stathead/matchup/teams/a2d435b3/33c895d4/Leicester-City-vs-Southampton-History"
"185","Premier League","M","ENG",2023,NA,"26","Sat",2023-03-04,"15:00","Chelsea",NA,NA,"Leeds United",NA,NA,NA,"Stamford Bridge","","","https://fbref.com/en/stathead/matchup/teams/cff3d9bb/5bfb9659/Chelsea-vs-Leeds-United-History"
"186","Premier League","M","ENG",2023,NA,"26","Sat",2023-03-04,"15:00","Liverpool",NA,NA,"Manchester Utd",NA,NA,NA,"Anfield","","","https://fbref.com/en/stathead/matchup/teams/822bd0ba/19538871/North-West-Derby-Liverpool-vs-Manchester-United-History"
"187","Premier League","M","ENG",2023,NA,"26","Sat",2023-03-04,"15:00","Manchester City",NA,NA,"Newcastle Utd",NA,NA,NA,"Etihad Stadium","","","https://fbref.com/en/stathead/matchup/teams/b8fd03ef/b2b47a98/Manchester-City-vs-Newcastle-United-History"
"188","Premier League","M","ENG",2023,NA,"26","Sat",2023-03-04,"15:00","Brighton",NA,NA,"West Ham",NA,NA,NA,"The American Express Community Stadium","","","https://fbref.com/en/stathead/matchup/teams/d07537b9/7c21e445/Brighton-and-Hove-Albion-vs-West-Ham-United-History"
"189","Premier League","M","ENG",2023,NA,"26","Sat",2023-03-04,"15:00","Wolves",NA,NA,"Tottenham",NA,NA,NA,"Molineux Stadium","","","https://fbref.com/en/stathead/matchup/teams/8cec06e1/361ca564/Wolverhampton-Wanderers-vs-Tottenham-Hotspur-History"
"190","Premier League","M","ENG",2023,NA,"26","Sat",2023-03-04,"15:00","Nott'ham Forest",NA,NA,"Everton",NA,NA,NA,"The City Ground","","","https://fbref.com/en/stathead/matchup/teams/e4a775cb/d3fd31cc/Nottingham-Forest-vs-Everton-History"
"191","Premier League","M","ENG",2023,NA,"27","Sat",2023-03-11,"15:00","Leeds United",NA,NA,"Brighton",NA,NA,NA,"Elland Road","","","https://fbref.com/en/stathead/matchup/teams/d07537b9/5bfb9659/Brighton-and-Hove-Albion-vs-Leeds-United-History"
"192","Premier League","M","ENG",2023,NA,"27","Sat",2023-03-11,"15:00","Everton",NA,NA,"Brentford",NA,NA,NA,"Goodison Park","","","https://fbref.com/en/stathead/matchup/teams/d3fd31cc/cd051869/Everton-vs-Brentford-History"
"193","Premier League","M","ENG",2023,NA,"27","Sat",2023-03-11,"15:00","Manchester Utd",NA,NA,"Southampton",NA,NA,NA,"Old Trafford","","","https://fbref.com/en/stathead/matchup/teams/33c895d4/19538871/Southampton-vs-Manchester-United-History"
"194","Premier League","M","ENG",2023,NA,"27","Sat",2023-03-11,"15:00","Leicester City",NA,NA,"Chelsea",NA,NA,NA,"King Power Stadium","","","https://fbref.com/en/stathead/matchup/teams/cff3d9bb/a2d435b3/Chelsea-vs-Leicester-City-History"
"195","Premier League","M","ENG",2023,NA,"27","Sat",2023-03-11,"15:00","Newcastle Utd",NA,NA,"Wolves",NA,NA,NA,"St James' Park","","","https://fbref.com/en/stathead/matchup/teams/b2b47a98/8cec06e1/Newcastle-United-vs-Wolverhampton-Wanderers-History"
"196","Premier League","M","ENG",2023,NA,"27","Sat",2023-03-11,"15:00","Tottenham",NA,NA,"Nott'ham Forest",NA,NA,NA,"Tottenham Hotspur Stadium","","","https://fbref.com/en/stathead/matchup/teams/e4a775cb/361ca564/Nottingham-Forest-vs-Tottenham-Hotspur-History"
"197","Premier League","M","ENG",2023,NA,"27","Sat",2023-03-11,"15:00","Fulham",NA,NA,"Arsenal",NA,NA,NA,"Craven Cottage","","","https://fbref.com/en/stathead/matchup/teams/fd962109/18bb7c10/Fulham-vs-Arsenal-History"
"198","Premier League","M","ENG",2023,NA,"27","Sat",2023-03-11,"15:00","Crystal Palace",NA,NA,"Manchester City",NA,NA,NA,"Selhurst Park","","","https://fbref.com/en/stathead/matchup/teams/b8fd03ef/47c64c55/Manchester-City-vs-Crystal-Palace-History"
"199","Premier League","M","ENG",2023,NA,"27","Sat",2023-03-11,"15:00","Bournemouth",NA,NA,"Liverpool",NA,NA,NA,"Vitality Stadium","","","https://fbref.com/en/stathead/matchup/teams/822bd0ba/4ba7cbea/Liverpool-vs-Bournemouth-History"
"200","Premier League","M","ENG",2023,NA,"27","Sat",2023-03-11,"15:00","West Ham",NA,NA,"Aston Villa",NA,NA,NA,"London Stadium","","","https://fbref.com/en/stathead/matchup/teams/8602292d/7c21e445/Aston-Villa-vs-West-Ham-United-History"
"201","Premier League","M","ENG",2023,NA,"28","Sat",2023-03-18,"15:00","Brighton",NA,NA,"Manchester Utd",NA,NA,NA,"The American Express Community Stadium","","","https://fbref.com/en/stathead/matchup/teams/d07537b9/19538871/Brighton-and-Hove-Albion-vs-Manchester-United-History"
"202","Premier League","M","ENG",2023,NA,"28","Sat",2023-03-18,"15:00","Liverpool",NA,NA,"Fulham",NA,NA,NA,"Anfield","","","https://fbref.com/en/stathead/matchup/teams/fd962109/822bd0ba/Fulham-vs-Liverpool-History"
"203","Premier League","M","ENG",2023,NA,"28","Sat",2023-03-18,"15:00","Wolves",NA,NA,"Leeds United",NA,NA,NA,"Molineux Stadium","","","https://fbref.com/en/stathead/matchup/teams/8cec06e1/5bfb9659/Wolverhampton-Wanderers-vs-Leeds-United-History"
"204","Premier League","M","ENG",2023,NA,"28","Sat",2023-03-18,"15:00","Nott'ham Forest",NA,NA,"Newcastle Utd",NA,NA,NA,"The City Ground","","","https://fbref.com/en/stathead/matchup/teams/e4a775cb/b2b47a98/Nottingham-Forest-vs-Newcastle-United-History"
"205","Premier League","M","ENG",2023,NA,"28","Sat",2023-03-18,"15:00","Brentford",NA,NA,"Leicester City",NA,NA,NA,"Brentford Community Stadium","","","https://fbref.com/en/stathead/matchup/teams/cd051869/a2d435b3/Brentford-vs-Leicester-City-History"
"206","Premier League","M","ENG",2023,NA,"28","Sat",2023-03-18,"15:00","Aston Villa",NA,NA,"Bournemouth",NA,NA,NA,"Villa Park","","","https://fbref.com/en/stathead/matchup/teams/8602292d/4ba7cbea/Aston-Villa-vs-Bournemouth-History"
"207","Premier League","M","ENG",2023,NA,"28","Sat",2023-03-18,"15:00","Chelsea",NA,NA,"Everton",NA,NA,NA,"Stamford Bridge","","","https://fbref.com/en/stathead/matchup/teams/d3fd31cc/cff3d9bb/Everton-vs-Chelsea-History"
"208","Premier League","M","ENG",2023,NA,"28","Sat",2023-03-18,"15:00","Arsenal",NA,NA,"Crystal Palace",NA,NA,NA,"Emirates Stadium","","","https://fbref.com/en/stathead/matchup/teams/47c64c55/18bb7c10/Crystal-Palace-vs-Arsenal-History"
"209","Premier League","M","ENG",2023,NA,"28","Sat",2023-03-18,"15:00","Southampton",NA,NA,"Tottenham",NA,NA,NA,"St. Mary's Stadium","","","https://fbref.com/en/stathead/matchup/teams/361ca564/33c895d4/Tottenham-Hotspur-vs-Southampton-History"
"210","Premier League","M","ENG",2023,NA,"28","Sat",2023-03-18,"15:00","Manchester City",NA,NA,"West Ham",NA,NA,NA,"Etihad Stadium","","","https://fbref.com/en/stathead/matchup/teams/b8fd03ef/7c21e445/Manchester-City-vs-West-Ham-United-History"
"211","Premier League","M","ENG",2023,NA,"29","Sat",2023-04-01,"15:00","Newcastle Utd",NA,NA,"Manchester Utd",NA,NA,NA,"St James' Park","","","https://fbref.com/en/stathead/matchup/teams/b2b47a98/19538871/Newcastle-United-vs-Manchester-United-History"
"212","Premier League","M","ENG",2023,NA,"29","Sat",2023-04-01,"15:00","Arsenal",NA,NA,"Leeds United",NA,NA,NA,"Emirates Stadium","","","https://fbref.com/en/stathead/matchup/teams/5bfb9659/18bb7c10/Leeds-United-vs-Arsenal-History"
"213","Premier League","M","ENG",2023,NA,"29","Sat",2023-04-01,"15:00","Manchester City",NA,NA,"Liverpool",NA,NA,NA,"Etihad Stadium","","","https://fbref.com/en/stathead/matchup/teams/b8fd03ef/822bd0ba/Manchester-City-vs-Liverpool-History"
"214","Premier League","M","ENG",2023,NA,"29","Sat",2023-04-01,"15:00","West Ham",NA,NA,"Southampton",NA,NA,NA,"London Stadium","","","https://fbref.com/en/stathead/matchup/teams/7c21e445/33c895d4/West-Ham-United-vs-Southampton-History"
"215","Premier League","M","ENG",2023,NA,"29","Sat",2023-04-01,"15:00","Chelsea",NA,NA,"Aston Villa",NA,NA,NA,"Stamford Bridge","","","https://fbref.com/en/stathead/matchup/teams/cff3d9bb/8602292d/Chelsea-vs-Aston-Villa-History"
"216","Premier League","M","ENG",2023,NA,"29","Sat",2023-04-01,"15:00","Everton",NA,NA,"Tottenham",NA,NA,NA,"Goodison Park","","","https://fbref.com/en/stathead/matchup/teams/d3fd31cc/361ca564/Everton-vs-Tottenham-Hotspur-History"
"217","Premier League","M","ENG",2023,NA,"29","Sat",2023-04-01,"15:00","Nott'ham Forest",NA,NA,"Wolves",NA,NA,NA,"The City Ground","","","https://fbref.com/en/stathead/matchup/teams/e4a775cb/8cec06e1/Nottingham-Forest-vs-Wolverhampton-Wanderers-History"
"218","Premier League","M","ENG",2023,NA,"29","Sat",2023-04-01,"15:00","Brighton",NA,NA,"Brentford",NA,NA,NA,"The American Express Community Stadium","","","https://fbref.com/en/stathead/matchup/teams/d07537b9/cd051869/Brighton-and-Hove-Albion-vs-Brentford-History"
"219","Premier League","M","ENG",2023,NA,"29","Sat",2023-04-01,"15:00","Crystal Palace",NA,NA,"Leicester City",NA,NA,NA,"Selhurst Park","","","https://fbref.com/en/stathead/matchup/teams/a2d435b3/47c64c55/Leicester-City-vs-Crystal-Palace-History"
"220","Premier League","M","ENG",2023,NA,"29","Sat",2023-04-01,"15:00","Bournemouth",NA,NA,"Fulham",NA,NA,NA,"Vitality Stadium","","","https://fbref.com/en/stathead/matchup/teams/fd962109/4ba7cbea/Fulham-vs-Bournemouth-History"
"221","Premier League","M","ENG",2023,NA,"3","Sat",2022-08-20,"12:30","Tottenham",1,1.7,"Wolves",0,0.7,61298,"Tottenham Hotspur Stadium","Simon Hooper","","https://fbref.com/en/matches/5cc3bd0e/Tottenham-Hotspur-Wolverhampton-Wanderers-August-20-2022-Premier-League"
"222","Premier League","M","ENG",2023,NA,"3","Sat",2022-08-20,"15:00","Leicester City",1,0.3,"Southampton",2,0.9,30850,"King Power Stadium","Michael Salisbury","","https://fbref.com/en/matches/02efd4d1/Leicester-City-Southampton-August-20-2022-Premier-League"
"223","Premier League","M","ENG",2023,NA,"3","Sat",2022-08-20,"15:00","Everton",1,1.5,"Nott'ham Forest",1,1,39271,"Goodison Park","Andre Marriner","","https://fbref.com/en/matches/3c3cc86f/Everton-Nottingham-Forest-August-20-2022-Premier-League"
"224","Premier League","M","ENG",2023,NA,"3","Sat",2022-08-20,"15:00","Crystal Palace",3,2.6,"Aston Villa",1,0.9,22012,"Selhurst Park","Andy Madley","","https://fbref.com/en/matches/3f89bccf/Crystal-Palace-Aston-Villa-August-20-2022-Premier-League"
"225","Premier League","M","ENG",2023,NA,"3","Sat",2022-08-20,"15:00","Fulham",3,2.4,"Brentford",2,1.8,21798,"Craven Cottage","Peter Bankes","","https://fbref.com/en/matches/a107c037/Fulham-Brentford-August-20-2022-Premier-League"
"226","Premier League","M","ENG",2023,NA,"3","Sat",2022-08-20,"17:30","Bournemouth",0,0.3,"Arsenal",3,1.3,10423,"Vitality Stadium","Craig Pawson","","https://fbref.com/en/matches/7f11dd9e/Bournemouth-Arsenal-August-20-2022-Premier-League"
"227","Premier League","M","ENG",2023,NA,"3","Sun",2022-08-21,"14:00","Leeds United",3,2.1,"Chelsea",0,0.9,36372,"Elland Road","Stuart Attwell","","https://fbref.com/en/matches/a5632124/Leeds-United-Chelsea-August-21-2022-Premier-League"
"228","Premier League","M","ENG",2023,NA,"3","Sun",2022-08-21,"14:00","West Ham",0,0.8,"Brighton",2,1.7,62449,"London Stadium","Anthony Taylor","","https://fbref.com/en/matches/aa2a3517/West-Ham-United-Brighton-and-Hove-Albion-August-21-2022-Premier-League"
"229","Premier League","M","ENG",2023,NA,"3","Sun",2022-08-21,"16:30","Newcastle Utd",3,1.8,"Manchester City",3,2.1,52258,"St James' Park","Jarred Gillett","","https://fbref.com/en/matches/b513d9fe/Newcastle-United-Manchester-City-August-21-2022-Premier-League"
"230","Premier League","M","ENG",2023,NA,"3","Mon",2022-08-22,"20:00","Manchester Utd",2,1.8,"Liverpool",1,1.3,74147,"Old Trafford","Michael Oliver","","https://fbref.com/en/matches/3c9a8f71/North-West-Derby-Manchester-United-Liverpool-August-22-2022-Premier-League"
"231","Premier League","M","ENG",2023,NA,"30","Sat",2023-04-08,"15:00","Fulham",NA,NA,"West Ham",NA,NA,NA,"Craven Cottage","","","https://fbref.com/en/stathead/matchup/teams/fd962109/7c21e445/Fulham-vs-West-Ham-United-History"
"232","Premier League","M","ENG",2023,NA,"30","Sat",2023-04-08,"15:00","Aston Villa",NA,NA,"Nott'ham Forest",NA,NA,NA,"Villa Park","","","https://fbref.com/en/stathead/matchup/teams/e4a775cb/8602292d/Nottingham-Forest-vs-Aston-Villa-History"
"233","Premier League","M","ENG",2023,NA,"30","Sat",2023-04-08,"15:00","Leicester City",NA,NA,"Bournemouth",NA,NA,NA,"King Power Stadium","","","https://fbref.com/en/stathead/matchup/teams/a2d435b3/4ba7cbea/Leicester-City-vs-Bournemouth-History"
"234","Premier League","M","ENG",2023,NA,"30","Sat",2023-04-08,"15:00","Leeds United",NA,NA,"Crystal Palace",NA,NA,NA,"Elland Road","","","https://fbref.com/en/stathead/matchup/teams/5bfb9659/47c64c55/Leeds-United-vs-Crystal-Palace-History"
"235","Premier League","M","ENG",2023,NA,"30","Sat",2023-04-08,"15:00","Brentford",NA,NA,"Newcastle Utd",NA,NA,NA,"Brentford Community Stadium","","","https://fbref.com/en/stathead/matchup/teams/cd051869/b2b47a98/Brentford-vs-Newcastle-United-History"
"236","Premier League","M","ENG",2023,NA,"30","Sat",2023-04-08,"15:00","Wolves",NA,NA,"Chelsea",NA,NA,NA,"Molineux Stadium","","","https://fbref.com/en/stathead/matchup/teams/cff3d9bb/8cec06e1/Chelsea-vs-Wolverhampton-Wanderers-History"
"237","Premier League","M","ENG",2023,NA,"30","Sat",2023-04-08,"15:00","Tottenham",NA,NA,"Brighton",NA,NA,NA,"Tottenham Hotspur Stadium","","","https://fbref.com/en/stathead/matchup/teams/d07537b9/361ca564/Brighton-and-Hove-Albion-vs-Tottenham-Hotspur-History"
"238","Premier League","M","ENG",2023,NA,"30","Sat",2023-04-08,"15:00","Manchester Utd",NA,NA,"Everton",NA,NA,NA,"Old Trafford","","","https://fbref.com/en/stathead/matchup/teams/d3fd31cc/19538871/Everton-vs-Manchester-United-History"
"239","Premier League","M","ENG",2023,NA,"30","Sat",2023-04-08,"15:00","Liverpool",NA,NA,"Arsenal",NA,NA,NA,"Anfield","","","https://fbref.com/en/stathead/matchup/teams/822bd0ba/18bb7c10/Liverpool-vs-Arsenal-History"
"240","Premier League","M","ENG",2023,NA,"30","Sat",2023-04-08,"15:00","Southampton",NA,NA,"Manchester City",NA,NA,NA,"St. Mary's Stadium","","","https://fbref.com/en/stathead/matchup/teams/b8fd03ef/33c895d4/Manchester-City-vs-Southampton-History"
"241","Premier League","M","ENG",2023,NA,"31","Sat",2023-04-15,"15:00","Chelsea",NA,NA,"Brighton",NA,NA,NA,"Stamford Bridge","","","https://fbref.com/en/stathead/matchup/teams/d07537b9/cff3d9bb/Brighton-and-Hove-Albion-vs-Chelsea-History"
"242","Premier League","M","ENG",2023,NA,"31","Sat",2023-04-15,"15:00","West Ham",NA,NA,"Arsenal",NA,NA,NA,"London Stadium","","","https://fbref.com/en/stathead/matchup/teams/7c21e445/18bb7c10/West-Ham-United-vs-Arsenal-History"
"243","Premier League","M","ENG",2023,NA,"31","Sat",2023-04-15,"15:00","Nott'ham Forest",NA,NA,"Manchester Utd",NA,NA,NA,"The City Ground","","","https://fbref.com/en/stathead/matchup/teams/e4a775cb/19538871/Nottingham-Forest-vs-Manchester-United-History"
"244","Premier League","M","ENG",2023,NA,"31","Sat",2023-04-15,"15:00","Southampton",NA,NA,"Crystal Palace",NA,NA,NA,"St. Mary's Stadium","","","https://fbref.com/en/stathead/matchup/teams/47c64c55/33c895d4/Crystal-Palace-vs-Southampton-History"
"245","Premier League","M","ENG",2023,NA,"31","Sat",2023-04-15,"15:00","Aston Villa",NA,NA,"Newcastle Utd",NA,NA,NA,"Villa Park","","","https://fbref.com/en/stathead/matchup/teams/b2b47a98/8602292d/Newcastle-United-vs-Aston-Villa-History"
"246","Premier League","M","ENG",2023,NA,"31","Sat",2023-04-15,"15:00","Wolves",NA,NA,"Brentford",NA,NA,NA,"Molineux Stadium","","","https://fbref.com/en/stathead/matchup/teams/cd051869/8cec06e1/Brentford-vs-Wolverhampton-Wanderers-History"
"247","Premier League","M","ENG",2023,NA,"31","Sat",2023-04-15,"15:00","Tottenham",NA,NA,"Bournemouth",NA,NA,NA,"Tottenham Hotspur Stadium","","","https://fbref.com/en/stathead/matchup/teams/4ba7cbea/361ca564/Bournemouth-vs-Tottenham-Hotspur-History"
"248","Premier League","M","ENG",2023,NA,"31","Sat",2023-04-15,"15:00","Manchester City",NA,NA,"Leicester City",NA,NA,NA,"Etihad Stadium","","","https://fbref.com/en/stathead/matchup/teams/b8fd03ef/a2d435b3/Manchester-City-vs-Leicester-City-History"
"249","Premier League","M","ENG",2023,NA,"31","Sat",2023-04-15,"15:00","Everton",NA,NA,"Fulham",NA,NA,NA,"Goodison Park","","","https://fbref.com/en/stathead/matchup/teams/fd962109/d3fd31cc/Fulham-vs-Everton-History"
"250","Premier League","M","ENG",2023,NA,"31","Sat",2023-04-15,"15:00","Leeds United",NA,NA,"Liverpool",NA,NA,NA,"Elland Road","","","https://fbref.com/en/stathead/matchup/teams/822bd0ba/5bfb9659/Liverpool-vs-Leeds-United-History"
"251","Premier League","M","ENG",2023,NA,"32","Sat",2023-04-22,"15:00","Arsenal",NA,NA,"Southampton",NA,NA,NA,"Emirates Stadium","","","https://fbref.com/en/stathead/matchup/teams/33c895d4/18bb7c10/Southampton-vs-Arsenal-History"
"252","Premier League","M","ENG",2023,NA,"32","Sat",2023-04-22,"15:00","Crystal Palace",NA,NA,"Everton",NA,NA,NA,"Selhurst Park","","","https://fbref.com/en/stathead/matchup/teams/d3fd31cc/47c64c55/Everton-vs-Crystal-Palace-History"
"253","Premier League","M","ENG",2023,NA,"32","Sat",2023-04-22,"15:00","Brentford",NA,NA,"Aston Villa",NA,NA,NA,"Brentford Community Stadium","","","https://fbref.com/en/stathead/matchup/teams/cd051869/8602292d/Brentford-vs-Aston-Villa-History"
"254","Premier League","M","ENG",2023,NA,"32","Sat",2023-04-22,"15:00","Bournemouth",NA,NA,"West Ham",NA,NA,NA,"Vitality Stadium","","","https://fbref.com/en/stathead/matchup/teams/7c21e445/4ba7cbea/West-Ham-United-vs-Bournemouth-History"
"255","Premier League","M","ENG",2023,NA,"32","Sat",2023-04-22,"15:00","Liverpool",NA,NA,"Nott'ham Forest",NA,NA,NA,"Anfield","","","https://fbref.com/en/stathead/matchup/teams/e4a775cb/822bd0ba/Nottingham-Forest-vs-Liverpool-History"
"256","Premier League","M","ENG",2023,NA,"32","Sat",2023-04-22,"15:00","Leicester City",NA,NA,"Wolves",NA,NA,NA,"King Power Stadium","","","https://fbref.com/en/stathead/matchup/teams/a2d435b3/8cec06e1/Leicester-City-vs-Wolverhampton-Wanderers-History"
"257","Premier League","M","ENG",2023,NA,"32","Sat",2023-04-22,"15:00","Manchester Utd",NA,NA,"Chelsea",NA,NA,NA,"Old Trafford","","","https://fbref.com/en/stathead/matchup/teams/cff3d9bb/19538871/Chelsea-vs-Manchester-United-History"
"258","Premier League","M","ENG",2023,NA,"32","Sat",2023-04-22,"15:00","Brighton",NA,NA,"Manchester City",NA,NA,NA,"The American Express Community Stadium","","","https://fbref.com/en/stathead/matchup/teams/d07537b9/b8fd03ef/Brighton-and-Hove-Albion-vs-Manchester-City-History"
"259","Premier League","M","ENG",2023,NA,"32","Sat",2023-04-22,"15:00","Newcastle Utd",NA,NA,"Tottenham",NA,NA,NA,"St James' Park","","","https://fbref.com/en/stathead/matchup/teams/b2b47a98/361ca564/Newcastle-United-vs-Tottenham-Hotspur-History"
"260","Premier League","M","ENG",2023,NA,"32","Sat",2023-04-22,"15:00","Fulham",NA,NA,"Leeds United",NA,NA,NA,"Craven Cottage","","","https://fbref.com/en/stathead/matchup/teams/fd962109/5bfb9659/Fulham-vs-Leeds-United-History"
"261","Premier League","M","ENG",2023,NA,"33","Tue",2023-04-25,"19:45","Everton",NA,NA,"Newcastle Utd",NA,NA,NA,"Goodison Park","","","https://fbref.com/en/stathead/matchup/teams/d3fd31cc/b2b47a98/Everton-vs-Newcastle-United-History"
"262","Premier League","M","ENG",2023,NA,"33","Tue",2023-04-25,"19:45","Leeds United",NA,NA,"Leicester City",NA,NA,NA,"Elland Road","","","https://fbref.com/en/stathead/matchup/teams/a2d435b3/5bfb9659/Leicester-City-vs-Leeds-United-History"
"263","Premier League","M","ENG",2023,NA,"33","Tue",2023-04-25,"19:45","Nott'ham Forest",NA,NA,"Brighton",NA,NA,NA,"The City Ground","","","https://fbref.com/en/stathead/matchup/teams/e4a775cb/d07537b9/Nottingham-Forest-vs-Brighton-and-Hove-Albion-History"
"264","Premier League","M","ENG",2023,NA,"33","Tue",2023-04-25,"19:45","Wolves",NA,NA,"Crystal Palace",NA,NA,NA,"Molineux Stadium","","","https://fbref.com/en/stathead/matchup/teams/8cec06e1/47c64c55/Wolverhampton-Wanderers-vs-Crystal-Palace-History"
"265","Premier League","M","ENG",2023,NA,"33","Tue",2023-04-25,"19:45","Tottenham",NA,NA,"Manchester Utd",NA,NA,NA,"Tottenham Hotspur Stadium","","","https://fbref.com/en/stathead/matchup/teams/361ca564/19538871/Tottenham-Hotspur-vs-Manchester-United-History"
"266","Premier League","M","ENG",2023,NA,"33","Tue",2023-04-25,"19:45","West Ham",NA,NA,"Liverpool",NA,NA,NA,"London Stadium","","","https://fbref.com/en/stathead/matchup/teams/822bd0ba/7c21e445/Liverpool-vs-West-Ham-United-History"
"267","Premier League","M","ENG",2023,NA,"33","Tue",2023-04-25,"20:00","Aston Villa",NA,NA,"Fulham",NA,NA,NA,"Villa Park","","","https://fbref.com/en/stathead/matchup/teams/fd962109/8602292d/Fulham-vs-Aston-Villa-History"
"268","Premier League","M","ENG",2023,NA,"33","Wed",2023-04-26,"19:45","Chelsea",NA,NA,"Brentford",NA,NA,NA,"Stamford Bridge","","","https://fbref.com/en/stathead/matchup/teams/cff3d9bb/cd051869/Chelsea-vs-Brentford-History"
"269","Premier League","M","ENG",2023,NA,"33","Wed",2023-04-26,"19:45","Southampton",NA,NA,"Bournemouth",NA,NA,NA,"St. Mary's Stadium","","","https://fbref.com/en/stathead/matchup/teams/4ba7cbea/33c895d4/Bournemouth-vs-Southampton-History"
"270","Premier League","M","ENG",2023,NA,"33","Wed",2023-04-26,"20:00","Manchester City",NA,NA,"Arsenal",NA,NA,NA,"Etihad Stadium","","","https://fbref.com/en/stathead/matchup/teams/b8fd03ef/18bb7c10/Manchester-City-vs-Arsenal-History"
"271","Premier League","M","ENG",2023,NA,"34","Sat",2023-04-29,"15:00","Manchester Utd",NA,NA,"Aston Villa",NA,NA,NA,"Old Trafford","","","https://fbref.com/en/stathead/matchup/teams/8602292d/19538871/Aston-Villa-vs-Manchester-United-History"
"272","Premier League","M","ENG",2023,NA,"34","Sat",2023-04-29,"15:00","Bournemouth",NA,NA,"Leeds United",NA,NA,NA,"Vitality Stadium","","","https://fbref.com/en/stathead/matchup/teams/5bfb9659/4ba7cbea/Leeds-United-vs-Bournemouth-History"
"273","Premier League","M","ENG",2023,NA,"34","Sat",2023-04-29,"15:00","Brighton",NA,NA,"Wolves",NA,NA,NA,"The American Express Community Stadium","","","https://fbref.com/en/stathead/matchup/teams/d07537b9/8cec06e1/Brighton-and-Hove-Albion-vs-Wolverhampton-Wanderers-History"
"274","Premier League","M","ENG",2023,NA,"34","Sat",2023-04-29,"15:00","Arsenal",NA,NA,"Chelsea",NA,NA,NA,"Emirates Stadium","","","https://fbref.com/en/stathead/matchup/teams/cff3d9bb/18bb7c10/North-West-London-Derby-Chelsea-vs-Arsenal-History"
"275","Premier League","M","ENG",2023,NA,"34","Sat",2023-04-29,"15:00","Brentford",NA,NA,"Nott'ham Forest",NA,NA,NA,"Brentford Community Stadium","","","https://fbref.com/en/stathead/matchup/teams/e4a775cb/cd051869/Nottingham-Forest-vs-Brentford-History"
"276","Premier League","M","ENG",2023,NA,"34","Sat",2023-04-29,"15:00","Crystal Palace",NA,NA,"West Ham",NA,NA,NA,"Selhurst Park","","","https://fbref.com/en/stathead/matchup/teams/7c21e445/47c64c55/West-Ham-United-vs-Crystal-Palace-History"
"277","Premier League","M","ENG",2023,NA,"34","Sat",2023-04-29,"15:00","Leicester City",NA,NA,"Everton",NA,NA,NA,"King Power Stadium","","","https://fbref.com/en/stathead/matchup/teams/d3fd31cc/a2d435b3/Everton-vs-Leicester-City-History"
"278","Premier League","M","ENG",2023,NA,"34","Sat",2023-04-29,"15:00","Newcastle Utd",NA,NA,"Southampton",NA,NA,NA,"St James' Park","","","https://fbref.com/en/stathead/matchup/teams/b2b47a98/33c895d4/Newcastle-United-vs-Southampton-History"
"279","Premier League","M","ENG",2023,NA,"34","Sat",2023-04-29,"15:00","Fulham",NA,NA,"Manchester City",NA,NA,NA,"Craven Cottage","","","https://fbref.com/en/stathead/matchup/teams/fd962109/b8fd03ef/Fulham-vs-Manchester-City-History"
"280","Premier League","M","ENG",2023,NA,"34","Sat",2023-04-29,"15:00","Liverpool",NA,NA,"Tottenham",NA,NA,NA,"Anfield","","","https://fbref.com/en/stathead/matchup/teams/822bd0ba/361ca564/Liverpool-vs-Tottenham-Hotspur-History"
"281","Premier League","M","ENG",2023,NA,"35","Sat",2023-05-06,"15:00","Tottenham",NA,NA,"Crystal Palace",NA,NA,NA,"Tottenham Hotspur Stadium","","","https://fbref.com/en/stathead/matchup/teams/47c64c55/361ca564/Crystal-Palace-vs-Tottenham-Hotspur-History"
"282","Premier League","M","ENG",2023,NA,"35","Sat",2023-05-06,"15:00","Wolves",NA,NA,"Aston Villa",NA,NA,NA,"Molineux Stadium","","","https://fbref.com/en/stathead/matchup/teams/8cec06e1/8602292d/Wolverhampton-Wanderers-vs-Aston-Villa-History"
"283","Premier League","M","ENG",2023,NA,"35","Sat",2023-05-06,"15:00","Nott'ham Forest",NA,NA,"Southampton",NA,NA,NA,"The City Ground","","","https://fbref.com/en/stathead/matchup/teams/e4a775cb/33c895d4/Nottingham-Forest-vs-Southampton-History"
"284","Premier League","M","ENG",2023,NA,"35","Sat",2023-05-06,"15:00","Bournemouth",NA,NA,"Chelsea",NA,NA,NA,"Vitality Stadium","","","https://fbref.com/en/stathead/matchup/teams/cff3d9bb/4ba7cbea/Chelsea-vs-Bournemouth-History"
"285","Premier League","M","ENG",2023,NA,"35","Sat",2023-05-06,"15:00","Liverpool",NA,NA,"Brentford",NA,NA,NA,"Anfield","","","https://fbref.com/en/stathead/matchup/teams/cd051869/822bd0ba/Brentford-vs-Liverpool-History"
"286","Premier League","M","ENG",2023,NA,"35","Sat",2023-05-06,"15:00","Manchester City",NA,NA,"Leeds United",NA,NA,NA,"Etihad Stadium","","","https://fbref.com/en/stathead/matchup/teams/b8fd03ef/5bfb9659/Manchester-City-vs-Leeds-United-History"
"287","Premier League","M","ENG",2023,NA,"35","Sat",2023-05-06,"15:00","West Ham",NA,NA,"Manchester Utd",NA,NA,NA,"London Stadium","","","https://fbref.com/en/stathead/matchup/teams/7c21e445/19538871/West-Ham-United-vs-Manchester-United-History"
"288","Premier League","M","ENG",2023,NA,"35","Sat",2023-05-06,"15:00","Fulham",NA,NA,"Leicester City",NA,NA,NA,"Craven Cottage","","","https://fbref.com/en/stathead/matchup/teams/fd962109/a2d435b3/Fulham-vs-Leicester-City-History"
"289","Premier League","M","ENG",2023,NA,"35","Sat",2023-05-06,"15:00","Newcastle Utd",NA,NA,"Arsenal",NA,NA,NA,"St James' Park","","","https://fbref.com/en/stathead/matchup/teams/b2b47a98/18bb7c10/Newcastle-United-vs-Arsenal-History"
"290","Premier League","M","ENG",2023,NA,"35","Sat",2023-05-06,"15:00","Brighton",NA,NA,"Everton",NA,NA,NA,"The American Express Community Stadium","","","https://fbref.com/en/stathead/matchup/teams/d3fd31cc/d07537b9/Everton-vs-Brighton-and-Hove-Albion-History"
"291","Premier League","M","ENG",2023,NA,"36","Sat",2023-05-13,"15:00","Aston Villa",NA,NA,"Tottenham",NA,NA,NA,"Villa Park","","","https://fbref.com/en/stathead/matchup/teams/8602292d/361ca564/Aston-Villa-vs-Tottenham-Hotspur-History"
"292","Premier League","M","ENG",2023,NA,"36","Sat",2023-05-13,"15:00","Everton",NA,NA,"Manchester City",NA,NA,NA,"Goodison Park","","","https://fbref.com/en/stathead/matchup/teams/d3fd31cc/b8fd03ef/Everton-vs-Manchester-City-History"
"293","Premier League","M","ENG",2023,NA,"36","Sat",2023-05-13,"15:00","Leicester City",NA,NA,"Liverpool",NA,NA,NA,"King Power Stadium","","","https://fbref.com/en/stathead/matchup/teams/a2d435b3/822bd0ba/Leicester-City-vs-Liverpool-History"
"294","Premier League","M","ENG",2023,NA,"36","Sat",2023-05-13,"15:00","Chelsea",NA,NA,"Nott'ham Forest",NA,NA,NA,"Stamford Bridge","","","https://fbref.com/en/stathead/matchup/teams/e4a775cb/cff3d9bb/Nottingham-Forest-vs-Chelsea-History"
"295","Premier League","M","ENG",2023,NA,"36","Sat",2023-05-13,"15:00","Brentford",NA,NA,"West Ham",NA,NA,NA,"Brentford Community Stadium","","","https://fbref.com/en/stathead/matchup/teams/cd051869/7c21e445/Brentford-vs-West-Ham-United-History"
"296","Premier League","M","ENG",2023,NA,"36","Sat",2023-05-13,"15:00","Crystal Palace",NA,NA,"Bournemouth",NA,NA,NA,"Selhurst Park","","","https://fbref.com/en/stathead/matchup/teams/4ba7cbea/47c64c55/Bournemouth-vs-Crystal-Palace-History"
"297","Premier League","M","ENG",2023,NA,"36","Sat",2023-05-13,"15:00","Leeds United",NA,NA,"Newcastle Utd",NA,NA,NA,"Elland Road","","","https://fbref.com/en/stathead/matchup/teams/b2b47a98/5bfb9659/Newcastle-United-vs-Leeds-United-History"
"298","Premier League","M","ENG",2023,NA,"36","Sat",2023-05-13,"15:00","Arsenal",NA,NA,"Brighton",NA,NA,NA,"Emirates Stadium","","","https://fbref.com/en/stathead/matchup/teams/d07537b9/18bb7c10/Brighton-and-Hove-Albion-vs-Arsenal-History"
"299","Premier League","M","ENG",2023,NA,"36","Sat",2023-05-13,"15:00","Southampton",NA,NA,"Fulham",NA,NA,NA,"St. Mary's Stadium","","","https://fbref.com/en/stathead/matchup/teams/fd962109/33c895d4/Fulham-vs-Southampton-History"
"300","Premier League","M","ENG",2023,NA,"36","Sat",2023-05-13,"15:00","Manchester Utd",NA,NA,"Wolves",NA,NA,NA,"Old Trafford","","","https://fbref.com/en/stathead/matchup/teams/8cec06e1/19538871/Wolverhampton-Wanderers-vs-Manchester-United-History"
"301","Premier League","M","ENG",2023,NA,"37","Sat",2023-05-20,"15:00","Brighton",NA,NA,"Southampton",NA,NA,NA,"The American Express Community Stadium","","","https://fbref.com/en/stathead/matchup/teams/d07537b9/33c895d4/Brighton-and-Hove-Albion-vs-Southampton-History"
"302","Premier League","M","ENG",2023,NA,"37","Sat",2023-05-20,"15:00","West Ham",NA,NA,"Leeds United",NA,NA,NA,"London Stadium","","","https://fbref.com/en/stathead/matchup/teams/7c21e445/5bfb9659/West-Ham-United-vs-Leeds-United-History"
"303","Premier League","M","ENG",2023,NA,"37","Sat",2023-05-20,"15:00","Tottenham",NA,NA,"Brentford",NA,NA,NA,"Tottenham Hotspur Stadium","","","https://fbref.com/en/stathead/matchup/teams/cd051869/361ca564/Brentford-vs-Tottenham-Hotspur-History"
"304","Premier League","M","ENG",2023,NA,"37","Sat",2023-05-20,"15:00","Manchester City",NA,NA,"Chelsea",NA,NA,NA,"Etihad Stadium","","","https://fbref.com/en/stathead/matchup/teams/cff3d9bb/b8fd03ef/Chelsea-vs-Manchester-City-History"
"305","Premier League","M","ENG",2023,NA,"37","Sat",2023-05-20,"15:00","Liverpool",NA,NA,"Aston Villa",NA,NA,NA,"Anfield","","","https://fbref.com/en/stathead/matchup/teams/8602292d/822bd0ba/Aston-Villa-vs-Liverpool-History"
"306","Premier League","M","ENG",2023,NA,"37","Sat",2023-05-20,"15:00","Newcastle Utd",NA,NA,"Leicester City",NA,NA,NA,"St James' Park","","","https://fbref.com/en/stathead/matchup/teams/b2b47a98/a2d435b3/Newcastle-United-vs-Leicester-City-History"
"307","Premier League","M","ENG",2023,NA,"37","Sat",2023-05-20,"15:00","Fulham",NA,NA,"Crystal Palace",NA,NA,NA,"Craven Cottage","","","https://fbref.com/en/stathead/matchup/teams/fd962109/47c64c55/Fulham-vs-Crystal-Palace-History"
"308","Premier League","M","ENG",2023,NA,"37","Sat",2023-05-20,"15:00","Nott'ham Forest",NA,NA,"Arsenal",NA,NA,NA,"The City Ground","","","https://fbref.com/en/stathead/matchup/teams/e4a775cb/18bb7c10/Nottingham-Forest-vs-Arsenal-History"
"309","Premier League","M","ENG",2023,NA,"37","Sat",2023-05-20,"15:00","Bournemouth",NA,NA,"Manchester Utd",NA,NA,NA,"Vitality Stadium","","","https://fbref.com/en/stathead/matchup/teams/4ba7cbea/19538871/Bournemouth-vs-Manchester-United-History"
"310","Premier League","M","ENG",2023,NA,"37","Sat",2023-05-20,"15:00","Wolves",NA,NA,"Everton",NA,NA,NA,"Molineux Stadium","","","https://fbref.com/en/stathead/matchup/teams/d3fd31cc/8cec06e1/Everton-vs-Wolverhampton-Wanderers-History"
"311","Premier League","M","ENG",2023,NA,"38","Sun",2023-05-28,"15:00","Crystal Palace",NA,NA,"Nott'ham Forest",NA,NA,NA,"Selhurst Park","","","https://fbref.com/en/stathead/matchup/teams/e4a775cb/47c64c55/Nottingham-Forest-vs-Crystal-Palace-History"
"312","Premier League","M","ENG",2023,NA,"38","Sun",2023-05-28,"15:00","Chelsea",NA,NA,"Newcastle Utd",NA,NA,NA,"Stamford Bridge","","","https://fbref.com/en/stathead/matchup/teams/cff3d9bb/b2b47a98/Chelsea-vs-Newcastle-United-History"
"313","Premier League","M","ENG",2023,NA,"38","Sun",2023-05-28,"15:00","Manchester Utd",NA,NA,"Fulham",NA,NA,NA,"Old Trafford","","","https://fbref.com/en/stathead/matchup/teams/fd962109/19538871/Fulham-vs-Manchester-United-History"
"314","Premier League","M","ENG",2023,NA,"38","Sun",2023-05-28,"15:00","Arsenal",NA,NA,"Wolves",NA,NA,NA,"Emirates Stadium","","","https://fbref.com/en/stathead/matchup/teams/8cec06e1/18bb7c10/Wolverhampton-Wanderers-vs-Arsenal-History"
"315","Premier League","M","ENG",2023,NA,"38","Sun",2023-05-28,"15:00","Southampton",NA,NA,"Liverpool",NA,NA,NA,"St. Mary's Stadium","","","https://fbref.com/en/stathead/matchup/teams/822bd0ba/33c895d4/Liverpool-vs-Southampton-History"
"316","Premier League","M","ENG",2023,NA,"38","Sun",2023-05-28,"15:00","Everton",NA,NA,"Bournemouth",NA,NA,NA,"Goodison Park","","","https://fbref.com/en/stathead/matchup/teams/d3fd31cc/4ba7cbea/Everton-vs-Bournemouth-History"
"317","Premier League","M","ENG",2023,NA,"38","Sun",2023-05-28,"15:00","Leicester City",NA,NA,"West Ham",NA,NA,NA,"King Power Stadium","","","https://fbref.com/en/stathead/matchup/teams/a2d435b3/7c21e445/Leicester-City-vs-West-Ham-United-History"
"318","Premier League","M","ENG",2023,NA,"38","Sun",2023-05-28,"15:00","Aston Villa",NA,NA,"Brighton",NA,NA,NA,"Villa Park","","","https://fbref.com/en/stathead/matchup/teams/d07537b9/8602292d/Brighton-and-Hove-Albion-vs-Aston-Villa-History"
"319","Premier League","M","ENG",2023,NA,"38","Sun",2023-05-28,"15:00","Leeds United",NA,NA,"Tottenham",NA,NA,NA,"Elland Road","","","https://fbref.com/en/stathead/matchup/teams/5bfb9659/361ca564/Leeds-United-vs-Tottenham-Hotspur-History"
"320","Premier League","M","ENG",2023,NA,"38","Sun",2023-05-28,"15:00","Brentford",NA,NA,"Manchester City",NA,NA,NA,"Brentford Community Stadium","","","https://fbref.com/en/stathead/matchup/teams/cd051869/b8fd03ef/Brentford-vs-Manchester-City-History"
"321","Premier League","M","ENG",2023,NA,"4","Sat",2022-08-27,"12:30","Southampton",0,1.4,"Manchester Utd",1,1.1,31196,"St. Mary's Stadium","Andy Madley","","https://fbref.com/en/matches/dff99b20/Southampton-Manchester-United-August-27-2022-Premier-League"
"322","Premier League","M","ENG",2023,NA,"4","Sat",2022-08-27,"15:00","Manchester City",4,2.2,"Crystal Palace",2,0.1,53112,"Etihad Stadium","Darren England","","https://fbref.com/en/matches/3b9bbac7/Manchester-City-Crystal-Palace-August-27-2022-Premier-League"
"323","Premier League","M","ENG",2023,NA,"4","Sat",2022-08-27,"15:00","Brighton",1,2,"Leeds United",0,1.8,30953,"The American Express Community Stadium","Michael Salisbury","","https://fbref.com/en/matches/77c70160/Brighton-and-Hove-Albion-Leeds-United-August-27-2022-Premier-League"
"324","Premier League","M","ENG",2023,NA,"4","Sat",2022-08-27,"15:00","Chelsea",2,1.8,"Leicester City",1,2.5,39953,"Stamford Bridge","Paul Tierney","","https://fbref.com/en/matches/b737a3a7/Chelsea-Leicester-City-August-27-2022-Premier-League"
"325","Premier League","M","ENG",2023,NA,"4","Sat",2022-08-27,"15:00","Brentford",1,2.1,"Everton",1,1.1,17009,"Brentford Community Stadium","John Brooks","","https://fbref.com/en/matches/db59fc65/Brentford-Everton-August-27-2022-Premier-League"
"326","Premier League","M","ENG",2023,NA,"4","Sat",2022-08-27,"15:00","Liverpool",9,3.3,"Bournemouth",0,0.3,53328,"Anfield","Stuart Attwell","","https://fbref.com/en/matches/de515487/Liverpool-Bournemouth-August-27-2022-Premier-League"
"327","Premier League","M","ENG",2023,NA,"4","Sat",2022-08-27,"17:30","Arsenal",2,2.6,"Fulham",1,0.8,60164,"Emirates Stadium","Jarred Gillett","","https://fbref.com/en/matches/8b69fd2d/Arsenal-Fulham-August-27-2022-Premier-League"
"328","Premier League","M","ENG",2023,NA,"4","Sun",2022-08-28,"14:00","Wolves",1,0.7,"Newcastle Utd",1,1.7,31311,"Molineux Stadium","Peter Bankes","","https://fbref.com/en/matches/15d62d04/Wolverhampton-Wanderers-Newcastle-United-August-28-2022-Premier-League"
"329","Premier League","M","ENG",2023,NA,"4","Sun",2022-08-28,"14:00","Aston Villa",0,0.5,"West Ham",1,0.6,41796,"Villa Park","David Coote","","https://fbref.com/en/matches/659b9113/Aston-Villa-West-Ham-United-August-28-2022-Premier-League"
"330","Premier League","M","ENG",2023,NA,"4","Sun",2022-08-28,"16:30","Nott'ham Forest",0,0.9,"Tottenham",2,2.4,29296,"The City Ground","Craig Pawson","","https://fbref.com/en/matches/3c364307/Nottingham-Forest-Tottenham-Hotspur-August-28-2022-Premier-League"
"331","Premier League","M","ENG",2023,NA,"5","Tue",2022-08-30,"19:30","Fulham",2,0.7,"Brighton",1,1.4,22224,"Craven Cottage","Thomas Bramall","","https://fbref.com/en/matches/361f4461/Fulham-Brighton-and-Hove-Albion-August-30-2022-Premier-League"
"332","Premier League","M","ENG",2023,NA,"5","Tue",2022-08-30,"19:30","Crystal Palace",1,1,"Brentford",1,1.4,25043,"Selhurst Park","Simon Hooper","","https://fbref.com/en/matches/e1d6440f/Crystal-Palace-Brentford-August-30-2022-Premier-League"
"333","Premier League","M","ENG",2023,NA,"5","Tue",2022-08-30,"19:45","Southampton",2,1.1,"Chelsea",1,1.1,31542,"St. Mary's Stadium","Michael Oliver","","https://fbref.com/en/matches/afd303a8/Southampton-Chelsea-August-30-2022-Premier-League"
"334","Premier League","M","ENG",2023,NA,"5","Tue",2022-08-30,"20:00","Leeds United",1,1,"Everton",1,1,36338,"Elland Road","Darren England","","https://fbref.com/en/matches/42d294e5/Leeds-United-Everton-August-30-2022-Premier-League"
"335","Premier League","M","ENG",2023,NA,"5","Wed",2022-08-31,"19:30","Bournemouth",0,0.4,"Wolves",0,1.5,10113,"Vitality Stadium","Anthony Taylor","","https://fbref.com/en/matches/91b239d8/Bournemouth-Wolverhampton-Wanderers-August-31-2022-Premier-League"
"336","Premier League","M","ENG",2023,NA,"5","Wed",2022-08-31,"19:30","Manchester City",6,3.3,"Nott'ham Forest",0,0.7,53409,"Etihad Stadium","Paul Tierney","","https://fbref.com/en/matches/9760b466/Manchester-City-Nottingham-Forest-August-31-2022-Premier-League"
"337","Premier League","M","ENG",2023,NA,"5","Wed",2022-08-31,"19:30","Arsenal",2,2.4,"Aston Villa",1,0.4,60012,"Emirates Stadium","Robert Jones","","https://fbref.com/en/matches/cc235aad/Arsenal-Aston-Villa-August-31-2022-Premier-League"
"338","Premier League","M","ENG",2023,NA,"5","Wed",2022-08-31,"19:45","West Ham",1,1.2,"Tottenham",1,0.6,62450,"London Stadium","Peter Bankes","","https://fbref.com/en/matches/9f221621/West-Ham-United-Tottenham-Hotspur-August-31-2022-Premier-League"
"339","Premier League","M","ENG",2023,NA,"5","Wed",2022-08-31,"20:00","Liverpool",2,1.5,"Newcastle Utd",1,0.7,53316,"Anfield","Andre Marriner","","https://fbref.com/en/matches/ac6047cf/Liverpool-Newcastle-United-August-31-2022-Premier-League"
"340","Premier League","M","ENG",2023,NA,"5","Thu",2022-09-01,"20:00","Leicester City",0,0.7,"Manchester Utd",1,1.5,32226,"King Power Stadium","Craig Pawson","","https://fbref.com/en/matches/c1f25d02/Leicester-City-Manchester-United-September-1-2022-Premier-League"
"341","Premier League","M","ENG",2023,NA,"6","Sat",2022-09-03,"12:30","Everton",0,1.7,"Liverpool",0,2.1,39240,"Goodison Park","Anthony Taylor","","https://fbref.com/en/matches/073227b6/Merseyside-Derby-Everton-Liverpool-September-3-2022-Premier-League"
"342","Premier League","M","ENG",2023,NA,"6","Sat",2022-09-03,"15:00","Nott'ham Forest",2,1.9,"Bournemouth",3,0.8,28720,"The City Ground","Michael Oliver","","https://fbref.com/en/matches/05f32555/Nottingham-Forest-Bournemouth-September-3-2022-Premier-League"
"343","Premier League","M","ENG",2023,NA,"6","Sat",2022-09-03,"15:00","Wolves",1,0.8,"Southampton",0,1.2,30546,"Molineux Stadium","John Brooks","","https://fbref.com/en/matches/13f50518/Wolverhampton-Wanderers-Southampton-September-3-2022-Premier-League"
"344","Premier League","M","ENG",2023,NA,"6","Sat",2022-09-03,"15:00","Newcastle Utd",0,2.8,"Crystal Palace",0,1,51863,"St James' Park","Michael Salisbury","","https://fbref.com/en/matches/4ca4efa3/Newcastle-United-Crystal-Palace-September-3-2022-Premier-League"
"345","Premier League","M","ENG",2023,NA,"6","Sat",2022-09-03,"15:00","Brentford",5,2.3,"Leeds United",2,1.7,17092,"Brentford Community Stadium","Robert Jones","","https://fbref.com/en/matches/88f9aad9/Brentford-Leeds-United-September-3-2022-Premier-League"
"346","Premier League","M","ENG",2023,NA,"6","Sat",2022-09-03,"15:00","Tottenham",2,2.9,"Fulham",1,0.7,61641,"Tottenham Hotspur Stadium","Stuart Attwell","","https://fbref.com/en/matches/a497b725/Tottenham-Hotspur-Fulham-September-3-2022-Premier-League"
"347","Premier League","M","ENG",2023,NA,"6","Sat",2022-09-03,"15:00","Chelsea",2,0.9,"West Ham",1,1.1,39923,"Stamford Bridge","Andy Madley","","https://fbref.com/en/matches/d7642197/Chelsea-West-Ham-United-September-3-2022-Premier-League"
"348","Premier League","M","ENG",2023,NA,"6","Sat",2022-09-03,"17:30","Aston Villa",1,0.3,"Manchester City",1,2.1,41830,"Villa Park","Simon Hooper","","https://fbref.com/en/matches/3091f0b8/Aston-Villa-Manchester-City-September-3-2022-Premier-League"
"349","Premier League","M","ENG",2023,NA,"6","Sun",2022-09-04,"14:00","Brighton",5,2.6,"Leicester City",2,1.4,31185,"The American Express Community Stadium","Tony Harrington","","https://fbref.com/en/matches/42d5b3b1/Brighton-and-Hove-Albion-Leicester-City-September-4-2022-Premier-League"
"350","Premier League","M","ENG",2023,NA,"6","Sun",2022-09-04,"16:30","Manchester Utd",3,1.5,"Arsenal",1,1.3,73431,"Old Trafford","Paul Tierney","","https://fbref.com/en/matches/61ddafa5/Manchester-United-Arsenal-September-4-2022-Premier-League"
"351","Premier League","M","ENG",2023,NA,"7","Sat",2022-09-10,"15:00","Liverpool",NA,NA,"Wolves",NA,NA,NA,"Anfield","","Match Postponed",NA
"352","Premier League","M","ENG",2023,NA,"7","Sat",2022-09-10,"15:00","Bournemouth",NA,NA,"Brighton",NA,NA,NA,"Vitality Stadium","","Match Postponed",NA
"353","Premier League","M","ENG",2023,NA,"7","Sat",2022-09-10,"15:00","Southampton",NA,NA,"Brentford",NA,NA,NA,"St. Mary's Stadium","","Match Postponed",NA
"354","Premier League","M","ENG",2023,NA,"7","Sat",2022-09-10,"15:00","Leicester City",NA,NA,"Aston Villa",NA,NA,NA,"King Power Stadium","","Match Postponed",NA
"355","Premier League","M","ENG",2023,NA,"7","Sun",2022-09-11,"14:00","West Ham",NA,NA,"Newcastle Utd",NA,NA,NA,"London Stadium","","Match Postponed",NA
"356","Premier League","M","ENG",2023,NA,"7","Sun",2022-09-11,"14:00","Arsenal",NA,NA,"Everton",NA,NA,NA,"Emirates Stadium","","Match Postponed",NA
"357","Premier League","M","ENG",2023,NA,"7","Mon",2022-09-12,"20:00","Leeds United",NA,NA,"Nott'ham Forest",NA,NA,NA,"Elland Road","","Match Postponed",NA
"358","Premier League","M","ENG",2023,NA,"7","Thu",2023-01-12,"20:00","Fulham",2,1,"Chelsea",1,2.1,24460,"Craven Cottage","David Coote","","https://fbref.com/en/matches/2902a42d/Fulham-Chelsea-January-12-2023-Premier-League"
"359","Premier League","M","ENG",2023,NA,"7","Wed",2023-01-18,"20:00","Crystal Palace",1,0.5,"Manchester Utd",1,2.1,23343,"Selhurst Park","Robert Jones","","https://fbref.com/en/matches/adf46096/Crystal-Palace-Manchester-United-January-18-2023-Premier-League"
"360","Premier League","M","ENG",2023,NA,"7","Thu",2023-01-19,"20:00","Manchester City",4,2.3,"Tottenham",2,0.8,53088,"Etihad Stadium","Simon Hooper","","https://fbref.com/en/matches/847f0a9c/Manchester-City-Tottenham-Hotspur-January-19-2023-Premier-League"
"361","Premier League","M","ENG",2023,NA,"8","Fri",2022-09-16,"20:00","Aston Villa",1,1.5,"Southampton",0,0.3,40758,"Villa Park","Tony Harrington","","https://fbref.com/en/matches/1219daa1/Aston-Villa-Southampton-September-16-2022-Premier-League"
"362","Premier League","M","ENG",2023,NA,"8","Fri",2022-09-16,"20:00","Nott'ham Forest",2,1.4,"Fulham",3,0.9,28654,"The City Ground","Jarred Gillett","","https://fbref.com/en/matches/d0d07e66/Nottingham-Forest-Fulham-September-16-2022-Premier-League"
"363","Premier League","M","ENG",2023,NA,"8","Sat",2022-09-17,"12:30","Wolves",0,0.4,"Manchester City",3,1.1,31578,"Molineux Stadium","Anthony Taylor","","https://fbref.com/en/matches/96b5cc15/Wolverhampton-Wanderers-Manchester-City-September-17-2022-Premier-League"
"364","Premier League","M","ENG",2023,NA,"8","Sat",2022-09-17,"15:00","Newcastle Utd",1,1.9,"Bournemouth",1,0.7,52238,"St James' Park","Craig Pawson","","https://fbref.com/en/matches/177da679/Newcastle-United-Bournemouth-September-17-2022-Premier-League"
"365","Premier League","M","ENG",2023,NA,"8","Sat",2022-09-17,"15:00","Brighton",NA,NA,"Crystal Palace",NA,NA,NA,"The American Express Community Stadium","","Match Postponed",NA
"366","Premier League","M","ENG",2023,NA,"8","Sat",2022-09-17,"17:30","Tottenham",6,2.2,"Leicester City",2,1.8,61450,"Tottenham Hotspur Stadium","Simon Hooper","","https://fbref.com/en/matches/99e44c16/Tottenham-Hotspur-Leicester-City-September-17-2022-Premier-League"
"367","Premier League","M","ENG",2023,NA,"8","Sun",2022-09-18,"12:00","Brentford",0,0.5,"Arsenal",3,1.5,17122,"Brentford Community Stadium","David Coote","","https://fbref.com/en/matches/fd5626e6/Brentford-Arsenal-September-18-2022-Premier-League"
"368","Premier League","M","ENG",2023,NA,"8","Sun",2022-09-18,"14:00","Manchester Utd",NA,NA,"Leeds United",NA,NA,NA,"Old Trafford","","Match Postponed",NA
"369","Premier League","M","ENG",2023,NA,"8","Sun",2022-09-18,"14:15","Everton",1,0.4,"West Ham",0,1,39298,"Goodison Park","Michael Oliver","","https://fbref.com/en/matches/96e9dc0f/Everton-West-Ham-United-September-18-2022-Premier-League"
"370","Premier League","M","ENG",2023,NA,"8","Sun",2022-09-18,"16:30","Chelsea",NA,NA,"Liverpool",NA,NA,NA,"Stamford Bridge","","Match Postponed",NA
"371","Premier League","M","ENG",2023,NA,"9","Sat",2022-10-01,"12:30","Arsenal",3,2.4,"Tottenham",1,1.6,60278,"Emirates Stadium","Anthony Taylor","","https://fbref.com/en/matches/aefe3b90/North-London-Derby-Arsenal-Tottenham-Hotspur-October-1-2022-Premier-League"
"372","Premier League","M","ENG",2023,NA,"9","Sat",2022-10-01,"15:00","Southampton",1,1.7,"Everton",2,2,30510,"St. Mary's Stadium","Andre Marriner","","https://fbref.com/en/matches/06d00bcb/Southampton-Everton-October-1-2022-Premier-League"
"373","Premier League","M","ENG",2023,NA,"9","Sat",2022-10-01,"15:00","Crystal Palace",1,0.4,"Chelsea",2,1.1,25198,"Selhurst Park","Chris Kavanagh","","https://fbref.com/en/matches/372249f3/Crystal-Palace-Chelsea-October-1-2022-Premier-League"
"374","Premier League","M","ENG",2023,NA,"9","Sat",2022-10-01,"15:00","Liverpool",3,1.5,"Brighton",3,1.4,53320,"Anfield","Andy Madley","","https://fbref.com/en/matches/aadd2e80/Liverpool-Brighton-and-Hove-Albion-October-1-2022-Premier-League"
"375","Premier League","M","ENG",2023,NA,"9","Sat",2022-10-01,"15:00","Fulham",1,0.5,"Newcastle Utd",4,3.3,22913,"Craven Cottage","Darren England","","https://fbref.com/en/matches/dcde1172/Fulham-Newcastle-United-October-1-2022-Premier-League"
"376","Premier League","M","ENG",2023,NA,"9","Sat",2022-10-01,"15:00","Bournemouth",0,0.4,"Brentford",0,0.9,10126,"Vitality Stadium","Thomas Bramall","","https://fbref.com/en/matches/f2e86b27/Bournemouth-Brentford-October-1-2022-Premier-League"
"377","Premier League","M","ENG",2023,NA,"9","Sat",2022-10-01,"17:30","West Ham",2,0.9,"Wolves",0,0.7,62444,"London Stadium","Paul Tierney","","https://fbref.com/en/matches/89ff6cd8/West-Ham-United-Wolverhampton-Wanderers-October-1-2022-Premier-League"
"378","Premier League","M","ENG",2023,NA,"9","Sun",2022-10-02,"14:00","Manchester City",6,3.2,"Manchester Utd",3,1.7,53475,"Etihad Stadium","Michael Oliver","","https://fbref.com/en/matches/886e6108/Manchester-Derby-Manchester-City-Manchester-United-October-2-2022-Premier-League"
"379","Premier League","M","ENG",2023,NA,"9","Sun",2022-10-02,"16:30","Leeds United",0,0.4,"Aston Villa",0,2.2,36582,"Elland Road","Stuart Attwell","","https://fbref.com/en/matches/627d2279/Leeds-United-Aston-Villa-October-2-2022-Premier-League"
"380","Premier League","M","ENG",2023,NA,"9","Mon",2022-10-03,"20:00","Leicester City",4,1.3,"Nott'ham Forest",0,1.1,32202,"King Power Stadium","Robert Jones","","https://fbref.com/en/matches/a7976021/Leicester-City-Nottingham-Forest-October-3-2022-Premier-League"
